DBA Name,Inspection Date,Results,IS_JUNK_STORE,IS_REAL_GROCERY,HAS_PRODUCE_FLAG,Address,City,State,Zip,Violations,Latitude,Longitude,DBA_NAME_CLEAN,ADDRESS_CLEAN,geometry,Community,shape_area_left,area_num_1_left,AreaNumber,shape_len_left,IS_REVIEWED_REAL,REVIEW_NOTES,index_right,Community.1,shape_area_right,area_num_1_right,AreaNumber.1,shape_len_right
Jewel Food Store #3282,2024-08-12,Pass W/ Conditions,FALSE,TRUE,TRUE,4729 N Central Ave,CHICAGO,IL,60630.0,"16. FOOD-CONTACT SURFACES: CLEANED & SANITIZED - Comments: OBSERVED HOT WATER SANITIZER DISH MACHINE IN BAKERY REMAINS TAGGED. DO NOT USE SIGN ON DISH MACHINE.ITIZING AT 180F OR 160 AT PLATES SURFACE. DISH MACHINE MUST BE SAN PRIORITY VIOLATION 7-38-025 NO CITATION ISSUED | 55. PHYSICAL FACILITIES INSTALLED, MAINTAINED & CLEAN - Comments: OBSERVED FLOORS IN BAKERY UNDER 3 COMPARTMENT SINK, NEAR GREASE TRAP AND BEHIND FRYERS WITH AN ACCUMLATION OF GREASE AND GRIME. DEEP CLEAN BAKERY FLOOR AND MAINTAIN FLOOR IN A CLEAN AND DRY CONDITION. | 55. PHYSICAL FACILITIES INSTALLED, MAINTAINED & CLEAN - Comments: OBSERVED MISSING CEILING TILE IN STAFF MENS WASHROOM.",41.9667971120006,-87.7672994806274,JEWEL FOOD STORE 3282,4729 N CENTRAL AVE,POINT (-87.7672994806274 41.9667971120006),PORTAGE PARK,110196097.139,15.0,15.0,46520.6421377,,,14.0,PORTAGE PARK,110196097.139,15.0,15.0,46520.6421377
La Bodega Rios-Galleos,2023-11-20,Pass W/ Conditions,TRUE,FALSE,FALSE,5900 W Montrose Ave,CHICAGO,IL,60634.0,"2. CITY OF CHICAGO FOOD SERVICE SANITATION CERTIFICATE - Comments: NO PERSON ON SITE WITH AN ORIGINAL CITY OF CHICAGO FOOD SANITATION CERTIFICATE POSTED. INSTRUCTED TO HAVE A PERSON WITH AN ORIGINAL CITY OF CHICAGO FOOD SANITATION CERTIFICATE POSTED ON SITE AT ALL TIMES. PRIORITY FOUNDATION VIOLATION. 7-38-012. CITATION ISSUED. | 22. PROPER COLD HOLDING TEMPERATURES - Comments: OBSERVED TCS FOODS AT IMPROPER COLD HOLDING TEMPERATURE INSIDE OF DELI COOLER. DELI MEAT AND CHEESE WERE FOUND BETWEEN 46-48F. TCS FOODS MUST BE HELD AT 41F OR BELOW. FOOD DISCARDED VOLUNTARILY. FOOD WEIGHING APPROXIMATELY 40 LBS AT A COST OF $300. PRIORITY VIOLATION. 7-38-005. CITATION ISSUED. | 33. PROPER COOLING METHODS USED; ADEQUATE EQUIPMENT FOR TEMPERATURE CONTROL - Comments: OBSERVED IMPROPER AMBIENT TEMPERATURE INSIDE OF DELI COOLER AT 49F. PROPER AMBIENT TEMPERATURE MUST BE AT 41F OR BELOW. PRIORITY VIOLATION. 7-38-005. CITATION ISSUED. | 37. FOOD PROPERLY LABELED; ORIGINAL CONTAINER - Comments: OBSERVED NO LABELS ON PACKAGED SALSA AND GUACAMOLE FOR CUSTOMER SELF SERVICE. MUST PROVIDE LABEL WITH BUSINESS NAME, ADDRESS, NAME OF FOOD, INGREDIENTS AND NET QUANTITY. | 38. INSECTS, RODENTS, & ANIMALS NOT PRESENT - Comments: OBSERVED 3 DEAD HOUSE FLIES INSIDE OF DELI COOLER. MUST CLEAN, SANITIZE AND REMOVE. | 38. INSECTS, RODENTS, & ANIMALS NOT PRESENT - Comments: OBSERVED FLY STRIP HANGING OVER MEAT PREP AREA. MUST REMOVE FLY STRIPS FROM PREP AREAS. | 55. PHYSICAL FACILITIES INSTALLED, MAINTAINED & CLEAN - Comments: OBSERVED PEELING PAINT ABOVE 3-COMPARTMENT SINK. OBSERVED WATER STAINED CEILING TILES IN TOILET ROOM. MUST REPAIR.",41.9604941224625,-87.7746384310631,LA BODEGA RIOSGALLEOS,5900 W MONTROSE AVE,POINT (-87.7746384310631 41.9604941224625),PORTAGE PARK,110196097.139,15.0,15.0,46520.6421377,,,14.0,PORTAGE PARK,110196097.139,15.0,15.0,46520.6421377
Food Market Santa Fe,2021-12-15,Pass W/ Conditions,FALSE,TRUE,TRUE,5001 W Addison St,CHICAGO,IL,60641.0,"3. MANAGEMENT, FOOD EMPLOYEE AND CONDITIONAL EMPLOYEE; KNOWLEDGE, RESPONSIBILITIES AND REPORTING - Comments: OBSERVED NO WRITTEN EMPLOYEE HEALTH POLICY ON THE PREMISES.INSTRUCTED TO PROVIDE A SIGNED EMPLOYEE HEALTH POLICY FOR EACH EMPLOYEE.PRIORITY FOUNDATION 7-38-010. | 38. INSECTS, RODENTS, & ANIMALS NOT PRESENT - Comments: INSTRUCTED TO REMOVE GLUE BOARDS WITH DEAD INSECTS IN BASEMENT STORAGE AREAS AND MAINTAIN. | 49. NON-FOOD/FOOD CONTACT SURFACES CLEAN - Comments: INSTRUCTED TO DETAIL CLEAN THE INTERIOR OF THE MICROWAVE AND COOLERS THROUGHOUT.  | 55. PHYSICAL FACILITIES INSTALLED, MAINTAINED & CLEAN - Comments: FLOORS ALONG WALLS AND IN ALL CORNERS OF THE PREP/3 COMPARTMENT SINK AREA IN NEED FOR A DETAIL CLEANING INCLUDING INSIDE THE WALK-IN-COOLER TO REMOVE FOOD DEBRIS SPILLAGE AND SECTION OF CEILING WITH PEELING PAINT DEBRIS AT REAR NEAR THE 3-COMPARTMENT SINK MUST BE REPAIRED TO SMOOTH,EASILY CLEANABLE SURFACE AND MAINTAIN. | 55. PHYSICAL FACILITIES INSTALLED, MAINTAINED & CLEAN - Comments: INSTRUCTED TO DETAIL CLEAN AND ORGANIZE BASEMENT STORAGE AREAS AND REMOVE UNNECESSARY ARTICLES DUE TO POTENTIAL PEST HARBORAGE AND ELEVATE MOPS,BROOMS CLEANING EQUIPMENTS OFF THE FLOOR AT LEAST 6"" INCHES TO FACILITATE CLEANING. | 56. ADEQUATE VENTILATION & LIGHTING; DESIGNATED AREAS USED - Comments: INSTRUCTED TO REPLACE BURNT-OUT LIGHT BULBS FOR THE LIGHT FIXTURE AT PREP/3-COMPARTMENT SINK AREA AND MAINTAIN ADEQUATE LIGHTING AT ALL TIMES.",41.9459501530377,-87.752134378082,FOOD MARKET SANTA FE,5001 W ADDISON ST,POINT (-87.752134378082 41.9459501530377),PORTAGE PARK,110196097.139,15.0,15.0,46520.6421377,,,14.0,PORTAGE PARK,110196097.139,15.0,15.0,46520.6421377
"Martin'S Mini-Market, Corp",2021-12-09,Pass W/ Conditions,TRUE,FALSE,FALSE,3801 N Cicero Ave,CHICAGO,IL,60641.0,"38. INSECTS, RODENTS, & ANIMALS NOT PRESENT - Comments: OBSERVED GAP OPENING APPROX 1/2"" AT BOTTOM CENTER OF THE FRONT ENTRANCE DOORS.INSTRUCTED TO MAKE DOORS TIGHT FITTING TO PREVENT PEST ENTRY. | 47. FOOD & NON-FOOD CONTACT SURFACES CLEANABLE, PROPERLY DESIGNED, CONSTRUCTED & USED - Comments: OBSERVED STAINED CUTTING BOARDS IN THE REAR DELI PREP AREA.INSTRUCTED TO RESURFACE OR REPLACE THE CUTTING BOARDS AND MAINTAIN. | 49. NON-FOOD/FOOD CONTACT SURFACES CLEAN - Comments: INSTRUCTED TO DETAIL CLEAN INTERIORS OF THE DELI/MEAT COOLERS TO REMOVE DRIED -UP FOOD BEBRIS AT REAR PREP AREA. | 55. PHYSICAL FACILITIES INSTALLED, MAINTAINED & CLEAN - Comments: INSTRUCTED TO DETAIL CLEAN AND ORGANIZE BASEMENT DRY STORAGE ROOM AND REMOVE UNNECESSARY ARTICLES FROM UNDERNEATH THE STAIRCASE LEADING TO THE BASEMENT DUE TO POTENTIAL PEST HARBORAGE AND ELEVATE MOPS,BROOMS CLEANING EQUIPMENTS OFF THE FLOOR AT LEAST 6"" INCHES TO FACILITATE CLEANING. | 55. PHYSICAL FACILITIES INSTALLED, MAINTAINED & CLEAN - Comments: OBSERVED DIRTY FLOORS WITH DEBRIS,LITTER THROUGHOUT UNDERNEATH THE GROCERY STORAGE SHELVES.INSTRUCTED TO DETAIL CLEAN FLOORS IN DETAIL AND SEAL OPENING ON CEILING IN BASEMENT DRY STORAGE ROOM.  | 56. ADEQUATE VENTILATION & LIGHTING; DESIGNATED AREAS USED - Comments: OBSERVED MISSING LIGHT SHIELDS FOR LIGHT BULBS ALONG THE REAR PREP AREA.INSTRUCTED TO PROVIDE LIGHT SHIELDS WITH END-CAPS OR SHATTER-PROOF LIGHT BULBS. | 61. SUMMARY REPORT DISPLAYED AND VISIBLE TO THE PUBLIC - Comments: PREVIOUS INSPECTION REPORT SUMMARY FROM (02/26/2020) WAS NOT DISPLAYED FOR THE PUBLIC TO VIEW.TODAY'S INSPECTION REPORT SUMMARY WAS ISSUED AND MUST BE DISPLAYED AND VISIBLE TO THE PUBLIC AT ALL TIMES.PRIORITY FOUNDATION VIOLATION 7-42-010 (B).",41.9498257570505,-87.7470580406395,MARTINS MINIMARKET CORP,3801 N CICERO AVE,POINT (-87.7470580406395 41.9498257570505),PORTAGE PARK,110196097.139,15.0,15.0,46520.6421377,,,14.0,PORTAGE PARK,110196097.139,15.0,15.0,46520.6421377
"Maya One Food & Spirits, Inc.",2021-10-14,Pass W/ Conditions,TRUE,FALSE,FALSE,4138 N Milwaukee Ave,CHICAGO,IL,60641.0,"5. PROCEDURES FOR RESPONDING TO VOMITING AND DIARRHEAL EVENTS - Comments: OBSERVED NO VOMIT AND DIARRHEA CLEAN UP KIT AND PROCEDURE ON SITE DURING INSPECTION. INSTRUCTED TO PROVIDE ALL NECESSARY SUPPLIES AS OUTLINED IN POLICY. PRIORITY FOUNDATION. 7-38-005. NO CITATION ISSUED. | 53. TOILET FACILITIES: PROPERLY CONSTRUCTED, SUPPLIED, & CLEANED - Comments: MUST PROVIDE LID ON TRASH CAN IN STAFF BATHROOM. | 55. PHYSICAL FACILITIES INSTALLED, MAINTAINED & CLEAN - Comments: MUST SEAL RAW WOOD ALONG WALLS NEAR ENTRANCE.",41.9561674682992,-87.7507882794648,MAYA ONE FOOD SPIRITS INC,4138 N MILWAUKEE AVE,POINT (-87.7507882794648 41.9561674682992),PORTAGE PARK,110196097.139,15.0,15.0,46520.6421377,,,14.0,PORTAGE PARK,110196097.139,15.0,15.0,46520.6421377
Kwik Mart,2021-09-17,Pass W/ Conditions,TRUE,FALSE,FALSE,5500 W Montrose Ave,CHICAGO,IL,60641.0,"5. PROCEDURES FOR RESPONDING TO VOMITING AND DIARRHEAL EVENTS - Comments: OBSERVED NO KIT FOR RESPONDING TO VOMIT AND DIARRHEA ON SITE AT TIME OF INSPECTION. LEFT ONE PAGER AND INSTRUCTED TO MAINTAIN PROCEDURE AND KIT WITH ALL NECESSARY SUPPLIES ON SITE AT ALL TIMES. PRIORITY FOUNDATION VIOLATION 7-38-005. NO CITATION ISSUED.  | 10. ADEQUATE HANDWASHING SINKS PROPERLY SUPPLIED AND ACCESSIBLE - Comments: OBSERVED NO HAND WASHING SINK AT DISH WASHING AREA LOCATED BEHIND FRONT COUNTER. INSTRUCTED TO INSTALL HANDSINK FULLY SUPPLIED AND CAPABLE OF DELIVERING HOT AND COLD RUNNING WATER UNDER PRESSURE. PRIORITY FOUNDATION VIOLATION 7-38-030(C). NO CITATION ISSUED.  | 48. WAREWASHING FACILITIES: INSTALLED, MAINTAINED & USED; TEST STRIPS - Comments: OBSERVED NO TESTING DEVICES FOR DETERMINING CHEMICAL SANITIZER CONCENTRATION ON SITE AT TIME OF INSPECTION. INSTRUCTED TO PROVIDE. PRIORITY FOUNDATION VIOLATION 7-38-005. NO CITATION ISSUED. | 51. PLUMBING INSTALLED; PROPER BACKFLOW DEVICES - Comments: OBSERVED NO BACKFLOW PREVENTION DEVICE CONNECTED TO MOP SINK LOCATED IN REAR OR SELF SERVICE COFFEE MACHINE. INSTRUCTED TO INSTALL BACKFLOW PREVENTION DEVICES AT BOTH LOCATIONS IN ACCORDANCE WITH ALL LAWS, RULES, AND REGULATIONS.  | 54. GARBAGE & REFUSE PROPERLY DISPOSED; FACILITIES MAINTAINED - Comments: OBSERVED SLIGHT BUILD UP OF TRASH AND DEBRIS ON GROUND AROUND DUMPSTER LOCATED IN ALLEY. INSTRUCTED TO CLEAN AND MAINTAIN.  | 56. ADEQUATE VENTILATION & LIGHTING; DESIGNATED AREAS USED - Comments: OBSERVED HEAVY BUILD UP OF DUST ON VENT AND LIGHT IN EMPLOYEE TOILET ROOM. INSTRUCTED TO CLEAN AND MAINTAIN.",41.9606195527225,-87.764903934707,KWIK MART,5500 W MONTROSE AVE,POINT (-87.764903934707 41.9606195527225),PORTAGE PARK,110196097.139,15.0,15.0,46520.6421377,,,14.0,PORTAGE PARK,110196097.139,15.0,15.0,46520.6421377
Shell,2020-06-26,Pass W/ Conditions,TRUE,FALSE,FALSE,5949-5959 W Montrose Ave,CHICAGO,IL,60634.0,"3. MANAGEMENT, FOOD EMPLOYEE AND CONDITIONAL EMPLOYEE; KNOWLEDGE, RESPONSIBILITIES AND REPORTING - Comments: FOUND NO EMPLOYEE HEALTH POLICY/TRAINING ON SITE. INSTRUCTED TO PROVIDE. (INFORMATION GIVEN) PRIORITY FOUNDATION VIOLATION 7-38-010     NO CITATION ISSUED | 5. PROCEDURES FOR RESPONDING TO VOMITING AND DIARRHEAL EVENTS - Comments: FOUND NO PROCEDURE/PLAN FOR RESPONDING TO VOMITING AND DIARRHEAL EVENTS. INSTRUCTED TO PROVIDE AND MAINTAIN REQUIRED PROCEDURE/PLAN AND APPROPRIATE SUPPLIES OR KIT. (NECESSARY ITEMS AT A MINIMUM: GLOVES,  FACE MASKS,  DISPOSABLE MOPS AND APPROPRIATE SANITIZER/SPRAY  THAT KILLS NOROVIRUS)   PRIORITY FOUNDATION VIOLATION 7-38-005   NO CITATION ISSUED | 10. ADEQUATE HANDWASHING SINKS PROPERLY SUPPLIED AND ACCESSIBLE - Comments: INSTRUCTED TO INSTALL HAND SINK WITH HOT AND COLD RUNNING WATER EQUIPPED WITH HAND SOAP AND HAND DRYING DEVICE OR PAPER TOWEL ACCESSIBLE TO 3 COMPARTMENT SINK IN REAR DISH WASHING AREA. PRIORITY FOUNDATION VIOLATION 7-38-030 (C)  NO CITATION ISSUED | 10. ADEQUATE HANDWASHING SINKS PROPERLY SUPPLIED AND ACCESSIBLE - Comments: FOUND NO HANDSOAP AND HAND DRYING DEVICE (PAPERTOWEL) AVAILABLE AT HANDSINK IN REAR AREA. INSTRUCTED TO PROVIDE (CORRECTED ON SITE). PRIORITY FOUNDATION VIOLATION 7-38-030 (C)  NO CITATION ISSUED  | 10. ADEQUATE HANDWASHING SINKS PROPERLY SUPPLIED AND ACCESSIBLE - Comments: INSTRUCTED TO PROVIDE HAND WASHING SIGNAGE AT HAND SINK IN REAR AND INSIDE (2) WASHROOMS. | 49. NON-FOOD/FOOD CONTACT SURFACES CLEAN - Comments: INSTRUCTED TO DETAIL CLEAN AND MAINTAIN INTERIOR SURFACES OF 3 COMPARTMENT SINK IN REAR DISH WASHING AREA. | 51. PLUMBING INSTALLED; PROPER BACKFLOW DEVICES - Comments: BACKFLOW PREVENTER DEVICE NOT LOCATED BEHIND ICE MACHINE AND COFFEE MACHINES.                 INSTRUCTED TO INSTALL SO THAT IT CAN BE LOCATED TO BE SERVICED AND MAINTAINED. | 51. PLUMBING INSTALLED; PROPER BACKFLOW DEVICES - Comments: INSTRUCTED TO REPAIR LOOSE FAUCET AT 3 COMPARTMENT SINK. | 53. TOILET FACILITIES: PROPERLY CONSTRUCTED, SUPPLIED, & CLEANED - Comments: TOILET ROOM RECEPTACLE MUST BE COVERED. INSTRUCTED TO PROVIDE COVER/LID. | 54. GARBAGE & REFUSE PROPERLY DISPOSED; FACILITIES MAINTAINED - Comments: INSTRUCTED TO CLEAN AND REMOVE UNNECESSARY ARTICLES AND UNUSED ITEMS IN REAR OUTSIDE AREA BY GARBAGE DUMPSTER AREA TO PREVENT PEST HARBORAGE. | 55. PHYSICAL FACILITIES INSTALLED, MAINTAINED & CLEAN - Comments: INSTRUCTED TO CLEAN AND MAINTAIN FLOORS ALONG THE WALLS AND IN ALL CORNERS IN FRONT DISPLAY AREA AND IN REAR STORAGE AREA. FOOD AND NON FOOD ITEMS MUST BE STORED 6"" OFF THE FLOOR FOR EASY ACCESS ON CLEANING. | 55. PHYSICAL FACILITIES INSTALLED, MAINTAINED & CLEAN - Comments: INSTRUCTED TO CLEAN AND REMOVE UNNECESSARY AND UNUSED ITEMS STORED IN REAR STORAGE AND INSIDE EMPLOYEE WASHROOM TO PREVENT PEST HARBORAGE. | 56. ADEQUATE VENTILATION & LIGHTING; DESIGNATED AREAS USED - Comments: INSTRUCTED TO REPAIR INOPERABLE MECHANICAL CEILING VENT INSIDE EMPLOYEE WASHROOM.",41.9602474646028,-87.7765625828902,SHELL,59495959 W MONTROSE AVE,POINT (-87.7765625828902 41.9602474646028),PORTAGE PARK,110196097.139,15.0,15.0,46520.6421377,,,14.0,PORTAGE PARK,110196097.139,15.0,15.0,46520.6421377
Citgo,2020-04-30,Pass W/ Conditions,TRUE,FALSE,FALSE,4219-4229 N Milwaukee Ave,CHICAGO,IL,60641.0,"5. PROCEDURES FOR RESPONDING TO VOMITING AND DIARRHEAL EVENTS - Comments: MISSING DISINFECTANT EFFECTIVE FOR NOROVIRUS. INSTRUCTED TO PROVIDE. PRIORITY FOUNDATION 7-38-005 NO CITATION ISSUED. | 39. CONTAMINATION PREVENTED DURING FOOD PREPARATION, STORAGE & DISPLAY - Comments: INSTRUCTED TO INSTALL SPLASH GUARD BETWEEN THE UTILITY(MOP) SINK AND THE 3 COMPARTMENT SINK. | 48. WAREWASHING FACILITIES: INSTALLED, MAINTAINED & USED; TEST STRIPS - Comments: NO DRAIN STOPPERS FOR THE 3 COMPARTMENT SINK. MUST PROVIDE AND MAINTIAN | 49. NON-FOOD/FOOD CONTACT SURFACES CLEAN - Comments: INSTRUCTED TO DETAIL CLEAN AND MAINTAIN STORAGE RACKS WITH MOLD LIKE BUILD UP INSIDE WALK-IN COOLER. FAN GUARD INSIDE THE 2 DOOR REACH IN COOLER WITH DUST BUILD-UP. MUST CLEAN AND MAINTAIN.  | 51. PLUMBING INSTALLED; PROPER BACKFLOW DEVICES - Comments: NO BACKFLOW PREVENTION DEVICE ON THE MOP SINK. MUST INSTALL TO BE ABLE TO SERVICED AND MAINTAINED. | 52. SEWAGE & WASTE WATER PROPERLY DISPOSED - Comments: INSTRUCTED TO PROVIDE GREASE TRAP/INTERCEPTOR CONNECTED UNDERNEATH 3 COMPARTMENT SINK IN REAR DISH WASHING AREA. | 55. PHYSICAL FACILITIES INSTALLED, MAINTAINED & CLEAN - Comments: CEILNG VENT COVER INSDE THE WASHROOM WITH HEAVY DUST BUILD-UP. MUST CLEAN AND MAINTAIN. | 55. PHYSICAL FACILITIES INSTALLED, MAINTAINED & CLEAN - Comments: : INSTRUCTED TO CLEAN AND MAINTAIN REAR STORAGE ROOM (NEXT TO WALK-IN COOLER) MUST REMOVE UNNECESSARY ARTICLES TO PREVENT PEST HARBORAGE. FOOD AND NON FOOD ITEMS MUST BE STORED 6"" OFF THE FLOOR FOR EASY ACCESS ON CLEANING. | 55. PHYSICAL FACILITIES INSTALLED, MAINTAINED & CLEAN - Comments: NSTRUCTED TO REPLACE WATER STAINED CEILING TILES ABOVE DISPLAY AREA, INSIDE THE WASHROOM AND IN REAR STORAGE AREA OF PREMISES AND MAINTAIN.",41.9576134695793,-87.7516894600739,CITGO,42194229 N MILWAUKEE AVE,POINT (-87.7516894600739 41.9576134695793),PORTAGE PARK,110196097.139,15.0,15.0,46520.6421377,,,14.0,PORTAGE PARK,110196097.139,15.0,15.0,46520.6421377
Cicero & Montrose Shell,2019-02-26,Pass W/ Conditions,FALSE,TRUE,TRUE,4401 N Cicero Ave,CHICAGO,IL,60630.0,"3. MANAGEMENT, FOOD EMPLOYEE AND CONDITIONAL EMPLOYEE; KNOWLEDGE, RESPONSIBILITIES AND REPORTING - Comments: FOUND NO EMPLOYEE HEALTH POLICY/TRAINING ON SITE. INSTRUCTED TO PROVIDE. PRIORITY FOUNDATION VIOLATION 7-38-010 NO CITATION ISSUED | 5. PROCEDURES FOR RESPONDING TO VOMITING AND DIARRHEAL EVENTS - Comments: FOUND NO PROCEDURE/PLAN FOR RESPONDING TO VOMITING AND DIARRHEAL EVENTS. INSTRUCTED TO PROVIDE AND MAINTAIN APPROPRIATE SUPPLIES OR KIT. PRIORITY FOUNDATION VIOLATION 7-38-005 NO CITATION ISSUED | 10. ADEQUATE HANDWASHING SINKS PROPERLY SUPPLIED AND ACCESSIBLE - Comments: INSTRUCTED TO INSTALL HAND SINK WITH HOT AND COLD RUNNING WATER EQUIPPED WITH HAND SOAP AND HAND DRYING DEVICE OR PAPER TOWEL ADJACENT TO REAR DISHWASHING AREA. PRIORITY FOUNDATION VIOLATION 7-38-030 (C) NO CITATION ISSUED | 10. ADEQUATE HANDWASHING SINKS PROPERLY SUPPLIED AND ACCESSIBLE - Comments: INSTRUCTED TO PROVIDE HAND WASHING SIGNAGE IN ALL HANDSINKS INCLUDING HANDSINK INSIDE WASHROOM. | 43. IN-USE UTENSILS: PROPERLY STORED - Comments: INSTRUCTED TO PROPERLY STORED ICE SCOOP IN A CLEAN SEPARATE CONTAINER WITH HANDLES UP TO PREVENT CONTAMINATION.  | 51. PLUMBING INSTALLED; PROPER BACKFLOW DEVICES - Comments:  BACKFLOW PREVENTER DEVICE NOT LOCATED BEHIND ICE MACHINE. INSTRUCTED TO INSTALL SO THAT IT CAN BE LOCATED TO BE SERVICED AND MAINTAINED. | 54. GARBAGE & REFUSE PROPERLY DISPOSED; FACILITIES MAINTAINED - Comments: INSTRUCTED TO CLEAN, REMOVE UNNECESSARY ARTICLES AND CLUTTER STORED IN REAR OUTSIDE GARBAGE AREA TO PREVENT PEST HARBORAGE. | 55. PHYSICAL FACILITIES INSTALLED, MAINTAINED & CLEAN - Comments:  INSTRUCTED TO REPLACE WATER STAINED AND MISSING CEILING TILES ABOVE REAR DISHWASHING AREA AND ABOVE FRONT DISPLAY AREA. | 55. PHYSICAL FACILITIES INSTALLED, MAINTAINED & CLEAN - Comments: INSTRUCTED TO CLEAN, REMOVE UNNECESSARY ARTICLES STORED IN REAR STORAGE/DISHWASHING AREA. USABLE ITEMS (FOOD AND NON-FOOD) MUST BE STORED 6"" OFF THE FLOOR FOR EASY ACCESS ON CLEANING INCLUDING INSIDE WALK-IN COOLER. NO MILK/SODA CRATES. MUST REORGANIZE.",41.9608058935051,-87.7473959971294,CICERO MONTROSE SHELL,4401 N CICERO AVE,POINT (-87.7473959971294 41.9608058935051),PORTAGE PARK,110196097.139,15.0,15.0,46520.6421377,,,14.0,PORTAGE PARK,110196097.139,15.0,15.0,46520.6421377
Adrian'S Fresh Market #3 Inc,2025-04-11,Pass,FALSE,TRUE,TRUE,3640 N Central Ave,CCHICAGO,IL,60634.0,"39. CONTAMINATION PREVENTED DURING FOOD PREPARATION, STORAGE & DISPLAY - Comments: OBSERVED FOOD ON FLOORS IN WALK IN FREEZER IN BASEMENT. MUST ELEVATE AT LEAST 6 INCHES FROM THE FLOOR. | 55. PHYSICAL FACILITIES INSTALLED, MAINTAINED & CLEAN - Comments: OBSERVED CLUTTER IN BASEMENT WITH OVERSTOCK AND CRATES. MUST ORGANIZE AREA.",41.9471264511516,-87.7669470217559,ADRIANS FRESH MARKET 3 INC,3640 N CENTRAL AVE,POINT (-87.7669470217559 41.9471264511516),PORTAGE PARK,110196097.139,15.0,15.0,46520.6421377,,,14.0,PORTAGE PARK,110196097.139,15.0,15.0,46520.6421377
"Tony'S Finer Foods Enterprises, Inc.",2025-04-08,Pass,FALSE,TRUE,TRUE,4608 W Belmont Ave,CHICAGO,IL,60641.0,"10. ADEQUATE HANDWASHING SINKS PROPERLY SUPPLIED AND ACCESSIBLE - Comments: OBSERVED FIRST FLOOR REST ROOM WITH NO HANDWASHING SIGNAGE. INSTRUCTED TO PROVIDE.  | 36. THERMOMETERS PROVIDED & ACCURATE - Comments: OBSERVED NO AMBIENT AIR THERMOMETERS INSIDE THE HOT HOLD UNIT AND DISPLAY COOLERS. INSTRUCTED TO PROVIDE CONSPICUOUS AND EASILY READABLE THERMOMETERS INSIDE ALL REFRIGERATOR UNITS TO PROPERLY MONITOR THE AMBIENT AIR TEMPERATURE OF EQUIPMENT.  | 47. FOOD & NON-FOOD CONTACT SURFACES CLEANABLE, PROPERLY DESIGNED, CONSTRUCTED & USED - Comments: OBSERVED CUTTING BOARDS IN THE DELI, BAKERY, PRODUCE PREP AREAS WITH OPEN SEAMS AND DARK STAINS. INSTRUCTED TO REFINISH OR REPLACE DAMAGED OR STAINED CUTTING BOARDS AND MAINTAIN AT ALL TIMES.",41.938993824336,-87.7426989894672,TONYS FINER FOODS ENTERPRISES INC,4608 W BELMONT AVE,POINT (-87.7426989894672 41.938993824336),PORTAGE PARK,110196097.139,15.0,15.0,46520.6421377,,,14.0,PORTAGE PARK,110196097.139,15.0,15.0,46520.6421377
Jewel Food Store #3262,2025-04-01,Pass,FALSE,TRUE,TRUE,4660 W Irving Park Rd,CHICAGO,IL,60641.0,"10. ADEQUATE HANDWASHING SINKS PROPERLY SUPPLIED AND ACCESSIBLE - Comments: OBSERVED NO HANDWASHING SIGNAGE IN WOMEN'S FIRST FLOOR TOILET ROOM. INSTRUCTED TO PROVIDE AND MAINTAIN.  | 47. FOOD & NON-FOOD CONTACT SURFACES CLEANABLE, PROPERLY DESIGNED, CONSTRUCTED & USED - Comments: OBSERVED CUTTING BOARDS IN THE SEAFOOD PREP AREA WITH OPEN SEAMS AND DARK STAINS. INSTRUCTED TO REFINISH OR REPLACE DAMAGED OR STAINED CUTTING BOARDS AND MAINTAIN AT ALL TIMES.   | 47. FOOD & NON-FOOD CONTACT SURFACES CLEANABLE, PROPERLY DESIGNED, CONSTRUCTED & USED - Comments: OBSERVED MILK CRATES BEING USED AS SHELVING THROUGHOUT THE PREP, WALK-INS, AND STORAGE AREAS. MUST REMOVE AND PROVIDE SHELVING THAT IS 6"" OFF THE FLOOR AND PROVIDES FLOOR ACCESSIBILITY TO ENSURE ADEQUATE FACILITY CLEANING.  | 55. PHYSICAL FACILITIES INSTALLED, MAINTAINED & CLEAN - Comments: OBSERVED FOOD DEBRIS, AND DIRT ON FLOOR UNDER COOKING EQUIPMENT, ALONG WALLS AND IN ALL CORNERS IN PREP, DISH WASHING, STORAGE AND BASEMENT AREAS. INSTRUCTED MANAGER TO CLEAN FLOORS UNDER ALL EQUIPMENT, ALONG WALLS AND IN ALL CORNERS IN ALL AREAS.",41.9535544384036,-87.745055311195,JEWEL FOOD STORE 3262,4660 W IRVING PARK RD,POINT (-87.745055311195 41.9535544384036),PORTAGE PARK,110196097.139,15.0,15.0,46520.6421377,,,14.0,PORTAGE PARK,110196097.139,15.0,15.0,46520.6421377
Supermercado Martin,2025-03-26,Pass,FALSE,TRUE,TRUE,5155-5159 W Addison St,CHICAGO,IL,60641.0,"38. INSECTS, RODENTS, & ANIMALS NOT PRESENT - Comments: OBSERVED FLY TRAPS AND RODENT BAIT STATIONS TRHOUGHOUT PREMISES NOT PROVIDED BY PEST CONTROL COMPANY. INSTRUCTED PIC PEST CONTROL BAIT STATIONS MUST BE PROVIDED BY A LICENSED PEST CONTROL TECHNICIAN.  | 41. WIPING CLOTHS: PROPERLY USED & STORED - Comments: OBSERVED DIRTY WIPING CLOTHS IMPROPERLY STORED. INSTRUCTED TO STORE ALL WASHCLOTHS IN SANITIZING SOLUTION IN BETWEEN IN USE. | 47. FOOD & NON-FOOD CONTACT SURFACES CLEANABLE, PROPERLY DESIGNED, CONSTRUCTED & USED - Comments: OBSERVED CUTTING BOARDS IN THE REAR PREP AREA WITH OPEN SEAMS AND DARK STAINS. INSTRUCTED TO REFINISH OR REPLACE DAMAGED OR STAINED CUTTING BOARDS AND MAINTAIN AT ALL TIMES.   | 49. NON-FOOD/FOOD CONTACT SURFACES CLEAN - Comments: OBSERVED THE INTERIOR OF ALL COOLERS THROUGHOUT IN NEED OF CLEANING. INSTRUCTED TO DETAIL CLEAN ACCUMULATED FOOD DEBRIS AND SPILLS.  | 55. PHYSICAL FACILITIES INSTALLED, MAINTAINED & CLEAN - Comments: OBSERVED GREASE BUILDUP, FOOD DEBRIS, AND DIRT ON FLOOR UNDER COOKING EQUIPMENT, ALONG WALLS AND IN ALL CORNERS IN PREP, DISH WASHING, STORAGE AND BASEMENT AREAS. INSTRUCTED MANAGER TO CLEAN FLOORS UNDER ALL EQUIPMENT, ALONG WALLS AND IN ALL CORNERS IN ALL AREAS.  | 55. PHYSICAL FACILITIES INSTALLED, MAINTAINED & CLEAN - Comments: NOTED UNFINISHED CONCRETE FLOORS IN THE WALK-IN COOLER. INSTRUCTED PERSON IN CHARGE THAT FLOORS EXCEPT IN DRY STORAGE AREA SHALL BE FINISHED AND SEALED TO PROVIDE A SMOOTH, NONABSORBENT AND EASILY CLEANABLE SURFACE. INSTRUCTED TO SEAL UNFINISHED FLOORS.",41.9458951008697,-87.7566458522565,SUPERMERCADO MARTIN,51555159 W ADDISON ST,POINT (-87.7566458522565 41.9458951008697),PORTAGE PARK,110196097.139,15.0,15.0,46520.6421377,,,14.0,PORTAGE PARK,110196097.139,15.0,15.0,46520.6421377
"Hagen'S Fish Market,Inc",2025-03-12,Pass,TRUE,FALSE,FALSE,5635 W Montrose Ave,CHICAGO,IL,60634.0,,41.9603545731405,-87.7686854402742,HAGENS FISH MARKETINC,5635 W MONTROSE AVE,POINT (-87.7686854402742 41.9603545731405),PORTAGE PARK,110196097.139,15.0,15.0,46520.6421377,,,14.0,PORTAGE PARK,110196097.139,15.0,15.0,46520.6421377
Montrose Deli Inc,2025-01-27,Pass,TRUE,FALSE,TRUE,5407-5417 W Montrose Ave,CHICAGO,IL,60641.0,"28. TOXIC SUBSTANCES PROPERLY IDENTIFIED, STORED, & USED - Comments: OBSERVED VARIOUS EMPLOYEE PERSONAL CARE ITEMS STORED ON TOP OF AND ABOVE FOOD CONTAINERS IN THE REAR DRY STORAGE AREA. INSTRUCTED TO RELOCATE EMPLOYEE PERSONAL CARE ITEMS TO DESIGNATED AREA THAT DOES NOT POSE RISK OF CONTAMINATION OF FOOD OR EQUIPMENT AND MAINTAIN. | 33. PROPER COOLING METHODS USED; ADEQUATE EQUIPMENT FOR TEMPERATURE CONTROL - Comments: OBSERVED TCS FOOD ITEMS IN THE WALK-IN COOLER (BEEF, PORK) STORED COVERED WITH FOOD-GRADE PLASTIC WRAP WHILE COOLING. INSTRUCTED TO STORE TCS FOOD ITEMS LOOSELY-COVERED OR UNCOVERED (IF PROTECTED FROM OVERHEAD CONTAMINATION) WHILE COOLING TO FACILITATE HEAT TRANSFER AND MAINTAIN. | 39. CONTAMINATION PREVENTED DURING FOOD PREPARATION, STORAGE & DISPLAY - Comments: OBSERVED SINGLE-USE PLASTIC CUPS USED AS SCOOPS IN DRY AND COLD-HOLDING FOOD CONTAINERS THROUGHOUT KITCHEN AND DELI AREAS. INSTRUCTED TO REMOVE SINGLE-USE CUPS AND REPLACE WITH MULTI-USE UTENSILS WITH HANDLES TO PREVENT CONTAMINATION WHILE SCOOPING AND MAINTAIN. | 39. CONTAMINATION PREVENTED DURING FOOD PREPARATION, STORAGE & DISPLAY - Comments: OBSERVED RAW BEEF STORED BENEATH CONDENSATE WATER DRIP IN THE MAIN DELI AREA WALK-IN COOLER. INSTRUCTED TO RELOCATE RAW BEEF AND STORE FOOD OUTSIDE OF PROHIBITED AREAS INCLUDING UNDER PLUMBING LINES IN WHICH WATER HAS CONDENSED AND MAINTAIN. | 47. FOOD & NON-FOOD CONTACT SURFACES CLEANABLE, PROPERLY DESIGNED, CONSTRUCTED & USED - Comments: OBSERVED SLICER IN MAIN DELI AREA NOT IN-USE AT TIME OF INSPECTION IN POOR REPAIR AND WITH GLOVE BOXES STORED ON TOP OF FOOD-CONTACT SURFACES. INSTRUCTED TO REPAIR OR REPLACE SLICER AND CEASE USE OF EQUIPMENT IN POOR REPAIR TO STORE NON-FOOD ITEMS AND MAINTAIN ALL EQUIPMENT IN GOOD REPAIR AND PROPER ADJUSTMENT. | 58. ALLERGEN TRAINING AS REQUIRED - Comments: OBSERVED PERSON-IN-CHARGE WITH CITY OF CHICAGO CERTIFIED MANAGER TRAINING AND CERTIFICATE AT TIME OF INSPECTION MISSING ALLERGEN AWARENESS TRAINING AND CERTIFICATE ON-SITE. INSTRUCTED TO PROVIDE ALL CERTIFIED FOOD MANAGERS WITH ADDITIONAL ALLERGEN AWARENESS TRAINING AND MAINTAIN CERTIFICATE(S) ON-SITE AT ALL TIMES.",41.9604282640688,-87.7626656720388,MONTROSE DELI INC,54075417 W MONTROSE AVE,POINT (-87.7626656720388 41.9604282640688),PORTAGE PARK,110196097.139,15.0,15.0,46520.6421377,,,14.0,PORTAGE PARK,110196097.139,15.0,15.0,46520.6421377
Saravale Meat Market,2024-10-04,Pass,TRUE,FALSE,TRUE,5254 W Irving Park Rd,CHICAGO,IL,60641.0,"47. FOOD & NON-FOOD CONTACT SURFACES CLEANABLE, PROPERLY DESIGNED, CONSTRUCTED & USED - Comments: OBSERVED FOIL BEING USED AS LINER ON PREP SURFACES IN THE REAR PREP AREA INSTRUCTED THE PERSON IN CHARGE TO REMOVE ALL FOIL AND ESNURE ALL NONFOOD-CONTACT SURFACES REMAIN SMOOTH AND EASILY CLEANABLE AND MAINTAIN. | 55. PHYSICAL FACILITIES INSTALLED, MAINTAINED & CLEAN - Comments: OBSERVED BASEMENT STORAGE AREA WITH CLUTTER AND ITEMS ON FLOOR CAUSING PARTS OF THE BASEMENT TO BE IN ACCESSIBLE. INSTRUCTED THE PERSON IN CHARGE TO ORGANIZE BASMENT AND KEEP ITEMS ELEVATED OFF OF FLOORS AND MAINTAIN.",41.9533873280015,-87.75933890898,SARAVALE MEAT MARKET,5254 W IRVING PARK RD,POINT (-87.75933890898 41.9533873280015),PORTAGE PARK,110196097.139,15.0,15.0,46520.6421377,,,14.0,PORTAGE PARK,110196097.139,15.0,15.0,46520.6421377
Aldi,2024-10-02,Pass,FALSE,TRUE,TRUE,3930 N Kilpatrick Ave,CHICAGO,IL,60641.0,"53. TOILET FACILITIES: PROPERLY CONSTRUCTED, SUPPLIED, & CLEANED - Comments: OBSERVED NO COVERED TRASH RECEPTACLE IN THE WOMEN'S TOILET ROOM. INSTRUCTED THE PERSON IN CHARGE TO PROVIDE A COVERED TRASH RECEPTACLE FOR THE WOMEN'S TOILET ROOM AND MAINTAIN.",41.95255379501350,-87.7447318048088,ALDI,3930 N KILPATRICK AVE,POINT (-87.7447318048088 41.95255379501351),PORTAGE PARK,110196097.139,15.0,15.0,46520.6421377,,,14.0,PORTAGE PARK,110196097.139,15.0,15.0,46520.6421377
Tony'S Fresh Market,2024-08-20,Pass,FALSE,TRUE,TRUE,5630 W Belmont Ave,CHICAGO,IL,60634.0,,41.9386693214426,-87.7677755434084,TONYS FRESH MARKET,5630 W BELMONT AVE,POINT (-87.7677755434084 41.9386693214426),PORTAGE PARK,110196097.139,15.0,15.0,46520.6421377,,,14.0,PORTAGE PARK,110196097.139,15.0,15.0,46520.6421377
Jimenez Fresh Market,2024-08-06,Pass,FALSE,TRUE,TRUE,5330 W Belmont Ave,CHICAGO,IL,60641.0,"10. ADEQUATE HANDWASHING SINKS PROPERLY SUPPLIED AND ACCESSIBLE - Comments: OBSERVED HANDSOAP AND PAPER TOWEL DISPENSER ATTACHED TO WALL ABOVE THE MOPSINK NEAR THE BAKERY PREP AREA. INSTRUCTED THE PERSON IN CHARGE TO REMOVE HANDSOAP AND PAER TOWEL DISPENSER FROM WALL ABOVE MOPSINK AND ENSURE EMPLOYEES ARE WASHING THEIR HANDS AT SINKS ONLY DESIGNATED FOR HANDWASHING. | 37. FOOD PROPERLY LABELED; ORIGINAL CONTAINER - Comments: OBSERVED ASSORTED CAKE SLICES AND DESSERTS IN GRAB AND GO DISPLAY COOLER NOT PROPERLY LABELED WITH INGREDIENTS, NET WEIGHT, ALLERGENS, BUSINESS NAME AND ADDRESS. INSTRUCTED THE PERSON IN CHARGE TO PROPERLY LABEL ALL PACKAGED FOODS IN GRAB AND GO DISPLAY COOLER AND MAINTAIN. | 39. CONTAMINATION PREVENTED DURING FOOD PREPARATION, STORAGE & DISPLAY - Comments: OBSERVED MULTIPLE BOXED FOOD ITEMS BEING STORED ON FLOOR IN REAR KITCHEN PREPARATION AREA. INSTRUCTED THE PERSON IN CHARGE TO ELEVATE ALL FOOD ITEMS SIX INCHES FROM FLOOR ON RAISED SHELVING UNITS AND MAINTAIN. | 47. FOOD & NON-FOOD CONTACT SURFACES CLEANABLE, PROPERLY DESIGNED, CONSTRUCTED & USED - Comments: OBSERVED TORN GASKET ON THE OF DOOR OF THE MEAT WALK-IN COOLER IN THE REAR. INSTRUCTED THE PERSON IN CHARGE TO REPAIR AND MAINTAIN. | 47. FOOD & NON-FOOD CONTACT SURFACES CLEANABLE, PROPERLY DESIGNED, CONSTRUCTED & USED - Comments: OBSERVED CARDBOARD BEING USED ON SHELVING UNITS IN REAR DRY STORAGE AREA. INSTRUCTED THE PERSON IN CHARGE TO REMOVE CARDBOARD AND ENSURE ALL NONFOOD CONTACT SURFACES REMAIN SMOOTH AND EASILY CLEANABLE. | 55. PHYSICAL FACILITIES INSTALLED, MAINTAINED & CLEAN - Comments: OBSERVED MULTIPLE MSSING CEILING PANELS IN THE REAR KITCHEN PREP AREA. INSTRUCTED THE PERSON IN CHARGE TO REPAIR AND MAINTAIN. | 55. PHYSICAL FACILITIES INSTALLED, MAINTAINED & CLEAN - Comments: OBSERVED ACCUMULATED FOOD DEBRIS ON FLOOR THROUGHOUT THE BAKERY PREP AREA. INSTRUCTED THE PERSON IN CHARGE TO CLEAN FLOORS AND MAINTAIN.",41.9387619657918,-87.7604070714006,JIMENEZ FRESH MARKET,5330 W BELMONT AVE,POINT (-87.7604070714006 41.9387619657918),PORTAGE PARK,110196097.139,15.0,15.0,46520.6421377,,,14.0,PORTAGE PARK,110196097.139,15.0,15.0,46520.6421377
Martha'S Fresh Market,2024-05-02,Pass,FALSE,TRUE,TRUE,5958 W Addison St,CHICAGO,IL,60634.0,"37. FOOD PROPERLY LABELED; ORIGINAL CONTAINER - Comments: 3-602.11 OBSERVED PACKAGED CAKE SLICES IN DESSERT REACH-IN DISPLAY COOLER NOT PROPERLY LABELED. INSTRUCTED THE PERSON IN CHARGE TO PROPERLY LABEL ALL PACKAGED FOOD ITEMS WITH IDENTITY, NET WEIGHT, INGREDIENTS, BUSINESS NAME AND ADDRESS WHERE MADE AND PACKAGED AND MAINTAIN.",41.9458827712537,-87.7763837161794,MARTHAS FRESH MARKET,5958 W ADDISON ST,POINT (-87.7763837161794 41.9458827712537),PORTAGE PARK,110196097.139,15.0,15.0,46520.6421377,,,14.0,PORTAGE PARK,110196097.139,15.0,15.0,46520.6421377
Smart Stop,2024-02-14,Pass,TRUE,FALSE,FALSE,4710 N Milwaukee Ave,CHICAGO,IL,60630.0,"36. THERMOMETERS PROVIDED & ACCURATE - Comments: OBSERVED NO THERMOMETER CONSPICUOUSLY PLACED IN BOTTLED BEVERAGE THREE DOOR REACH-IN COOLER IN THE FRONT. INSTRUCTED THE PERSON IN CHARGE TO PROVIDE THERMOMETERS FOR ALL COLD HOLDING EQUIPMENT AND MAINTAIN. | 51. PLUMBING INSTALLED; PROPER BACKFLOW DEVICES - Comments: OBSERVED NO BACKFLOW PREVENTION DEVICE FOR UTILITY SINK, IN THE REAR. INSTRUCTED THE PERSON IN CHARGE TO PROVIDE A BACKFLOW PREVENTION DEVICE LOCATED SO THAT IT MAY BE SERVICED AND MAINTAINED. | 55. PHYSICAL FACILITIES INSTALLED, MAINTAINED & CLEAN - Comments: OBSERVED MISSING AND DAMAGED CEILING PANELS ABOVE THE SERVICE SINK IN THE REAR. INSTRUCTED THE PERSON IN CHARGE TO REPAIR AND REPLACE MISSING CEILING PANELS AND MAINTAIN IN GOOD REPAIR.",41.9658348523108,-87.7591626837569,SMART STOP,4710 N MILWAUKEE AVE,POINT (-87.7591626837569 41.9658348523108),PORTAGE PARK,110196097.139,15.0,15.0,46520.6421377,,,14.0,PORTAGE PARK,110196097.139,15.0,15.0,46520.6421377
Carniceria Y Fruteria El Milagrito,2024-01-31,Pass,FALSE,TRUE,TRUE,5960 W Lawrence Ave,CHICAGO,IL,60630.0,54. GARBAGE & REFUSE PROPERLY DISPOSED; FACILITIES MAINTAINED - Comments: OBSERVED BOTH EXPOSED HANDSINKS IN BUTCHER PREP AREA WITH NO WASTE RECEPTACLE. INFORMED  THE PERSON IN CHARGE THAT ANY AND ALL HANDWASHING SINK WHICH ARE PROVIDED WITH DISPOSABLE TOWELS SHALL ALSO BE PROVIDED WITH A WASTE RECEPTACLE. INSTRUCTED TO PROVIDE.,41.9677648001348,-87.777020204254,CARNICERIA Y FRUTERIA EL MILAGRITO,5960 W LAWRENCE AVE,POINT (-87.777020204254 41.9677648001348),PORTAGE PARK,110196097.139,15.0,15.0,46520.6421377,,,14.0,PORTAGE PARK,110196097.139,15.0,15.0,46520.6421377
Fischman Bottle Shop,2017-10-24,Pass,TRUE,FALSE,FALSE,4054 N Milwaukee Ave,CHICAGO,IL,60641.0,"32. FOOD AND NON-FOOD CONTACT SURFACES PROPERLY DESIGNED, CONSTRUCTED AND MAINTAINED - Comments: RAW WOOD SHELVINGS UNDERNEATH THE FRONT COUNTER. MUST SEAL OR PAINT THE WOOD. | 33. FOOD AND NON-FOOD CONTACT EQUIPMENT UTENSILS CLEAN, FREE OF ABRASIVE DETERGENTS - Comments: CLEAN, REMOVE DUST BUILD-UP ON THE FAN GUARD OF THE 3 DOOR REACH IN COOLER AND MAINTAIN. | 34. FLOORS: CONSTRUCTED PER CODE, CLEANED, GOOD REPAIR, COVING INSTALLED, DUST-LESS CLEANING METHODS USED - Comments: CONTINUE TO FINISH INSTALLING COVING IN THE FRONT AREA BY THE DOOR AND BEHIND THE SHELVINGS.",41.9543572435533,-87.7491079457132,FISCHMAN BOTTLE SHOP,4054 N MILWAUKEE AVE,POINT (-87.7491079457132 41.9543572435533),PORTAGE PARK,110196097.139,15.0,15.0,46520.6421377,,,14.0,PORTAGE PARK,110196097.139,15.0,15.0,46520.6421377
Montrose Deli & Fruit Market,2019-11-12,Out Of Business,TRUE,FALSE,FALSE,5407-5411 W Montrose Ave,CHICAGO,IL,60641.0,,41.9604282640688,-87.7626656720388,MONTROSE DELI FRUIT MARKET,54075411 W MONTROSE AVE,POINT (-87.7626656720388 41.9604282640688),PORTAGE PARK,110196097.139,15.0,15.0,46520.6421377,,,14.0,PORTAGE PARK,110196097.139,15.0,15.0,46520.6421377
"Menard Food Market, Inc",2013-12-12,Out Of Business,TRUE,FALSE,FALSE,5756 W Belmont Ave,CHICAGO,IL,60634.0,,41.9386223876206,-87.7712206922148,MENARD FOOD MARKET INC,5756 W BELMONT AVE,POINT (-87.7712206922148 41.9386223876206),PORTAGE PARK,110196097.139,15.0,15.0,46520.6421377,,,14.0,PORTAGE PARK,110196097.139,15.0,15.0,46520.6421377