DBA Name,Results,IS_JUNK_STORE,IS_REAL_GROCERY,HAS_PRODUCE_FLAG,Address,City,State,Zip,Inspection Date,Violations,Latitude,Longitude,DBA_NAME_CLEAN,ADDRESS_CLEAN,geometry,index_right,Community,shape_area,area_num_1,AreaNumber,shape_len,IS_REVIEWED_REAL,REVIEW_NOTES,Action,Notes
24 Foods,Pass W/ Conditions,TRUE,FALSE,TRUE,329 N Laramie Ave,CHICAGO,IL,60644.0,2012-07-24,"14. PREVIOUS SERIOUS VIOLATION CORRECTED, 7-42-090 - Comments: PREVIOUS SERIOUS VIOLATION FROM REPORT #1170346  7/9/11 #18 NOT CORRECTED STILL FINDING EVIDENCE OF 25 OR MORE RAT DROPPINGS ON FLOOR IN FURNANCE ROOM,REAR DRY FOOD STORAGE AREA & ADJACENT ROOM IN REAR AREA.ALSO NO PEST CONTROL LOG BOOK & FRONT & RAER DOORS ARE NOT TIGHT FITTING TO PREVENT RODENT ENTRY.MUST REMOVE DROPPINGS,CLEAN & SANITIZE AREAS,RODENT PROOF DOORS.PROVIDE A PEST CONTROL LOG BOOK.(CRITICAL 7-42-090).AFTER 1 1/2 HRS A PEST CONTROL LOG BOOK WAS GIVEN THE LICENSE IN BOOK HAS EXPIRED E-MAIL TO JEWEL.WALKER@CITYOFCHICAGO.ORG.DOORS ARE RODENT PROOFED & DROPPINGS REMOVED AT THIS TIME. | 18. NO EVIDENCE OF RODENT OR INSECT OUTER OPENINGS PROTECTED/RODENT PROOFED, A WRITTEN LOG SHALL BE MAINTAINED AVAILABLE TO THE INSPECTORS - Comments: VIOLATION NOT CORRECTED SEE VIOLATION #14 | 32. FOOD AND NON-FOOD CONTACT SURFACES PROPERLY DESIGNED, CONSTRUCTED AND MAINTAINED - Comments: Inspector Comments: MUST REPLACE MISSING FRONT DOOR HANDLE.MUST REPAIR OR REPLACE DAMAGED OUTLET COVER IN TOILET ROOM | 33. FOOD AND NON-FOOD CONTACT EQUIPMENT UTENSILS CLEAN, FREE OF ABRASIVE DETERGENTS - Comments: Inspector Comments: MUST CLEAN ALL SHELVING UNITS,REACH IN COOLERS & FREEZERS,VENTILATION VENT IN TOILET ROOM,LIGHT SHIELDS | 34. FLOORS: CONSTRUCTED PER CODE, CLEANED, GOOD REPAIR, COVING INSTALLED, DUST-LESS CLEANING METHODS USED - Comments: Inspector Comments: MUST CLEAN FLOOR ALONG WALL BASES,UNDER SHELVING UNITS THROUGHOUT.MUST REPAIR OR REPLACE DAMAGED & MISSING FLOOR TILES THROUGHOUT. | 35. WALLS, CEILINGS, ATTACHED EQUIPMENT CONSTRUCTED PER CODE: GOOD REPAIR, SURFACES CLEAN AND DUST-LESS CLEANING METHODS - Comments: Inspector Comments: MUST REPAIR OR REPLACE DAMAGED,MISSING & STAINED CEILING TILES THROUGHOUT PREMISES,CEILING IN REAR STORAGE AREA IS LEAKING.MUST SEAL ALL OPENINGS AROUND PIPES & WIRES,HOLE IN WALL IN FURNANCE ROOM. | 37. TOILET ROOM DOORS SELF CLOSING: DRESSING ROOMS WITH LOCKERS PROVIDED: COMPLETE SEPARATION FROM LIVING/SLEEPING QUARTERS - Comments: Inspector Comments: MUST REPLACE MISSING SELF CLOSING DEVICE ON TOILET ROOM DOOR.MUST REMOVE BED FROM OFFICE AREA/STORAGE AREA | 40. REFRIGERATION AND METAL STEM THERMOMETERS PROVIDED AND CONSPICUOUS - Comments: Inspector Comments: MUST PROVIDE THERMOMETERS FOR ALL COLD HOLDING UNITS. | 41. PREMISES MAINTAINED FREE OF LITTER, UNNECESSARY ARTICLES, CLEANING  EQUIPMENT PROPERLY STORED - Comments: Inspector Comments: MUST REMOVE,ELEVATE,ORGANIZE MASSIVE AMOUNT OF CLUTTER THROUGHOUT REAR AREAS,FURNANCE ROOM,OFFICE.",41.8865757735881,-87.7551435754421,24 FOODS,329 N LARAMIE AVE,POINT (-87.7551435754421 41.8865757735881),24.0,AUSTIN,199254203.427,25.0,25.0,75226.4749167,FALSE,,,
Adam & Aram Corporation,Pass W/ Conditions,TRUE,FALSE,TRUE,5145 W Division St,CHICAGO,IL,60651.0,2015-09-25,"13. NO EVIDENCE OF RODENT OR INSECT INFESTATION, NO BIRDS, TURTLES OR OTHER ANIMALS - Comments: OBSERVED TWO LIVE CATS ON PREMISES IN THE STORAGE ROOM WITH FOOD AND A LITTER BOX; INSTRUCTED THAT NO LIVE ANIMALS ARE ALLOWED IN THE STORE; INSTRUCTED TO REMOVE FROM PREMISES.  CRITICAL VIOLATION 7-38-020 ISSUED. | 34. FLOORS: CONSTRUCTED PER CODE, CLEANED, GOOD REPAIR, COVING INSTALLED, DUST-LESS CLEANING METHODS USED - Comments: FLOORS NEED CLEAN UNDER SHELVES AND IN CORNER AREAS AROUND EQUIPMENT.  SOME FLOOR TILE IN POOR REPAIR; NEED REPLACING.  SOME AREAS OF FLOOR OF RAW WOOD; MUST SEAL OR PAINT FLOOR. | 35. WALLS, CEILINGS, ATTACHED EQUIPMENT CONSTRUCTED PER CODE: GOOD REPAIR, SURFACES CLEAN AND DUST-LESS CLEANING METHODS - Comments: OBSERVED DAMAGED CEILING TILES IN REAR OF STORE; REPLACE CEILING TILE WHERE NEEDED. | 37. TOILET ROOM DOORS SELF CLOSING: DRESSING ROOMS WITH LOCKERS PROVIDED: COMPLETE SEPARATION FROM LIVING/SLEEPING QUARTERS - Comments: OBSERVED WASHROOM DOOR NOT SELF CLOSING; MUST INSTALL A SELF CLOSING DEVICE ON DOOR. | 40. REFRIGERATION AND METAL STEM THERMOMETERS PROVIDED AND CONSPICUOUS - Comments: NO THERMOMETERS OBSERVED IN REFRIGERATION UNIT HOLDING EGGS AND HOT DOGS; INSTRUCTED TO PROVIDE A THERMOMETER FOR REFRIGERATION UNIT. | 41. PREMISES MAINTAINED FREE OF LITTER, UNNECESSARY ARTICLES, CLEANING  EQUIPMENT PROPERLY STORED - Comments: MUST ORGANIZE AND MAINTAIN STORAGE ROOMS; REMOVE UNNECESSARY ITEMS TO AVOID CLUTTER.",41.9021480470885,-87.7551607516485,ADAM ARAM CORPORATION,5145 W DIVISION ST,POINT (-87.7551607516485 41.9021480470885),24.0,AUSTIN,199254203.427,25.0,25.0,75226.4749167,FALSE,,,
Best Food,Pass W/ Conditions,TRUE,FALSE,FALSE,5751 W Augusta Blvd,CHICAGO,IL,60651.0,2020-04-08,"37. FOOD PROPERLY LABELED; ORIGINAL CONTAINER - Comments: FOUND NO ALLERGEN LABELS ON DESSERTS (CAKE) STORED IN SELF-SERVE DISPLAY CASE ON SALES FLOOR. INSTRUCTED TO PROPERLY LABEL ALL PACKAGED DESSERTS ITEMS WITH IDENTITY, NET WEIGHT, INGREDIENTS, LIST MAJOR ALLERGENS, BUSINESS NAME AND ADDRESS WHERE MADE AND PACKAGED. PRIORITY FOUNDATION VIOLATION #7-38-005. NO CITATION ISSUED. | 45. SINGLE-USE/SINGLE-SERVICE ARTICLES: PROPERLY STORED & USED - Comments: FOUND SINGLE-USE SERVICE CONTAINERS STORED ON THE FLOOR IN THE DRY STORAGE AREA, INSTRUCTED TO ELEVATE, STORE PROPERLY AND MAINTAIN. | 47. FOOD & NON-FOOD CONTACT SURFACES CLEANABLE, PROPERLY DESIGNED, CONSTRUCTED & USED - Comments: FOUND TORN REFRIGERATION GASKETS ON MULTIPLE REFRIGERATION UNITS THROUGHOUT FACILITY. ALSO, REPLACE MISSING DOOR HANDLE ON 6-DOOR REACH IN BEVERAGE COOLER ON SALES FLOOR. INSTRUCTED FACILITY TO REPLACE ALL TORN GASKETS AND HANDLE AND MAINTAIN. | 49. NON-FOOD/FOOD CONTACT SURFACES CLEAN - Comments: FOUND ICE ACCUMULATION INSIDE CHEST FREEZER ON SALES FLOOR, INSTRUCTED TO DEFROST AND MAINTAIN.  | 51. PLUMBING INSTALLED; PROPER BACKFLOW DEVICES - Comments: FOUND SLOW DRAIN IN HANDWASHING SINK BEHIND DELI COUNTER, INSTRUCTED TO REPAIR AND MAINTAIN.  | 55. PHYSICAL FACILITIES INSTALLED, MAINTAINED & CLEAN - Comments: FOUND MISSING/BROKEN FLOOR TILES THROUGHOUT THE FACILITY. ALSO, REPLACE DIRTY PLASTIC BEING USED FOR A DOOR, WITH THE PROPER AIR CURTAIN. INSTRUCTED TO REPAIR AND MAINTAIN.",41.8983225226478,-87.769983608285,BEST FOOD,5751 W AUGUSTA BLVD,POINT (-87.769983608285 41.8983225226478),24.0,AUSTIN,199254203.427,25.0,25.0,75226.4749167,TRUE,,,
Centrals Finer Foods,Pass W/ Conditions,TRUE,FALSE,FALSE,345 N Central Ave,CHICAGO,IL,60644.0,2024-03-05,"2. CITY OF CHICAGO FOOD SERVICE SANITATION CERTIFICATE - Comments: 2-101.11  DURING RE-INSPECTION, NO CITY OF CHICAGO CERTIFIED MANAGER WAS ON SITE WITH A VALID ORIGINAL CERTIFICATE WHILE TCS FOODS WERE BEING PREPARED; I INSTRUCTED THAT A CERTIFICATE AND CERTIFICATE HOLDER SHOULD BE ON SITE AT ALL TIMES WHILE TCS FOODS (GROUND BEEF AND NACHO CHEESE) ARE BEING PREPARED. #7-38-012 CITATION ISSUED | 3. MANAGEMENT, FOOD EMPLOYEE AND CONDITIONAL EMPLOYEE; KNOWLEDGE, RESPONSIBILITIES AND REPORTING - Comments: 2-102.14(O) OBSERVED NO WRITTEN EMPLOYEE HEALTH POLICY ON SITE DURING THE TIME OF INSPECTION FOR ALL FOOD AND CONDITIONAL EMPLOYEES. INSTRUCTED TO PROVIDE AND MAINTAIN ON-SITE FOR REVIEW. PRIORITY FOUNDATION VIOLATION. #7-38-010. CITATION ISSUED | 49. NON-FOOD/FOOD CONTACT SURFACES CLEAN - Comments: 4-602.13 OBSERVED INTERIOR SURFACES OF ALL COOLING/FREEZER UNITS WITH ACCUMULATED DRIED FOOD DEBRIS. INSTRUCTED TO CLEAN | 55. PHYSICAL FACILITIES INSTALLED, MAINTAINED & CLEAN - Comments: 6-501.114 OBSERVED EXCESSIVE CLUTTER IN REAR STORAGE SPACE NEAR WALK-IN COOLER, INSTRUCTED TO CLEAN AND REMOVE ITEMS TO PREVENT PEST HARBORAGE. | 56. ADEQUATE VENTILATION & LIGHTING; DESIGNATED AREAS USED - Comments: 6-303.11 OBSERVED INADEQUATE LIGHTING IN REAR STORAGE SPACE BY WALK-IN COOLER DOOR AND UTILITY SINK. INSTRUCTED TO INCREASE.",41.8870876819021,-87.7649572507278,CENTRALS FINER FOODS,345 N CENTRAL AVE,POINT (-87.7649572507278 41.8870876819021),24.0,AUSTIN,199254203.427,25.0,25.0,75226.4749167,FALSE,,,
"Express Dollar Store & More, Inc.",Pass W/ Conditions,TRUE,FALSE,FALSE,4805 W Madison St,CHICAGO,IL,60644.0,2015-09-03,"11. ADEQUATE NUMBER, CONVENIENT, ACCESSIBLE, DESIGNED, AND MAINTAINED - Comments: OBSERVED ONE OF TWO WASHROOMS ON PREMISES THAT HAD NO HANDSINK INSIDE AS REQUIRED; INSTRUCTED THAT A HANDSINK MUST BE INSTALLED IN THE WASHROOM ON THE WEST WALL WITH HOT AND COLD RUNNING WATER SOAP AND TOWELS.  CRITICAL CITATION ISSUED 7-38-030 ISSUED. | 33. FOOD AND NON-FOOD CONTACT EQUIPMENT UTENSILS CLEAN, FREE OF ABRASIVE DETERGENTS - Comments: MUST CLEAN ALL STORAGE SHELVES IN FRONT AND REAR AREAS AND MAINTAIN TO REMOVE DUST BUILD UP. | 34. FLOORS: CONSTRUCTED PER CODE, CLEANED, GOOD REPAIR, COVING INSTALLED, DUST-LESS CLEANING METHODS USED - Comments: MUST CLEAN FLOORS THROUGHOUT IN CORNER AREAS AROUND AND UNDER EQUIPMENT. | 35. WALLS, CEILINGS, ATTACHED EQUIPMENT CONSTRUCTED PER CODE: GOOD REPAIR, SURFACES CLEAN AND DUST-LESS CLEANING METHODS - Comments: OBSERVED SEVERAL WATER STAINED CEILING TILES THROUGHOUT STORE; INSTRUCTED TO REPLACE CEILING TILE WHERE NEEDED.  OBSERVED TWO SMALL HOLES IN THE LOWER WALL IN THE FURNACE ROOM; INSTRUCTED TO SEAL BOTH HOLES AND PROVIDE A WALL COVING ALONG THE WALLBASE WHERE HOLES WERE OBSERVED TO SEAL THE GAP BETWEEN THE FLOOR AND THE WALL.  INSTRUCTED TO CLEAN THE INTERIORS OF THE LIGHT SHIELDS THROUGHOUT TO REMOVE PARTICLES OBSERVED INSIDE. | 37. TOILET ROOM DOORS SELF CLOSING: DRESSING ROOMS WITH LOCKERS PROVIDED: COMPLETE SEPARATION FROM LIVING/SLEEPING QUARTERS - Comments: FOUND THE WASHROOM DOORS NOT SELF CLOSING; MUST PROVIDE SELF CLOSING DEVICES FOR BOTH WASHROOM DOORS. | 38. VENTILATION: ROOMS AND EQUIPMENT VENTED AS REQUIRED: PLUMBING: INSTALLED AND MAINTAINED - Comments: THE VENTILATION FAN IN THE WASHROOM ON THE EAST SIDE OF THE BUILDING IS NOT WORKING; MUST REPAIR VENTILATION FAN ON THE CEILING OF THE WASHROOM. | 41. PREMISES MAINTAINED FREE OF LITTER, UNNECESSARY ARTICLES, CLEANING  EQUIPMENT PROPERLY STORED - Comments: INSTRUCTED TO ORGANIZE AND MAINTAIN STORE AND STORAGE AREA; REMOVE UNNECESSARY ITEMS TO AVOID CLUTTER.    INSTRUCTED TO STORE CHEMICALS ON A SHELF AND OFF OF THE FLOOR UNDERNEATH THE MOP SINK IN THE WASHROOM. | 70. NO SMOKING REGULATIONS - Comments: FOUND TWO PLASTIC WATER BOTTLES ON THE REAR STORAGE SHELF WITH CIGARETTE BUTTS INSIDE AND CIGARETTE ASHES INSIDE OF THE EXPOSED HANDSINK IN THE REAR STORAGE AREA; MUST REMOVE BOTTLES AND CLEAN THE INSIDE OF THE SINK.  INSTRUCTED THAT NO SMOKING IS ALLOWED ON PREMISES AT ANY TIME.    CITATION ISSUED 7-32-020(C) PER THE CLEAN INDOOR ORDINANCE. FIRST OFFENSE.",41.8803848886029,-87.7455441063194,EXPRESS DOLLAR STORE MORE INC,4805 W MADISON ST,POINT (-87.7455441063194 41.8803848886029),24.0,AUSTIN,199254203.427,25.0,25.0,75226.4749167,FALSE,,,
Gold Moor Food Market,Pass W/ Conditions,TRUE,FALSE,FALSE,4851 W Chicago Ave,CHICAGO,IL,60651.0,2023-08-03,"3. MANAGEMENT, FOOD EMPLOYEE AND CONDITIONAL EMPLOYEE; KNOWLEDGE, RESPONSIBILITIES AND REPORTING - Comments:  OBSERVED NO EMPLOYEE HEALTH POLICY ON SITE AS REQUIRED; MUST PROVIDE. INSTRUCTED THE PERSON IN CHARGE TO PROVIDE DOCUMENTATION OF EMPLOYEES RESPONSIBILITY TO REPORT ANY ILLNESS TRANSMISSIBLE THROUGH FOOD.PRIORITY FOUNDATION 7-38-010. NO CITATION  | 10. ADEQUATE HANDWASHING SINKS PROPERLY SUPPLIED AND ACCESSIBLE - Comments:  OBSERVED NO HAND WASHING SIGNAGE AT HAND WASHING SINK IN WASHROOMS. INSTRUCTED MANAGER TO PROVIDE. | 51. PLUMBING INSTALLED; PROPER BACKFLOW DEVICES - Comments:  UNABLE TO LOCATE OR MUST INSTALL A BACK FLOW PREVENTION DEVICE ON THE ICE MACHINE LOCATED ON THE 2ND FLOOR. INSTRUCTED TO LOCATE. | 55. PHYSICAL FACILITIES INSTALLED, MAINTAINED & CLEAN - Comments: OBSERVED SOILED MOP HEADS NOT PROPERLY STORED. INSTRUCTED MANAGER TO HANG MOP HEADS TO PREVENT INSECT BREEDING.  | 55. PHYSICAL FACILITIES INSTALLED, MAINTAINED & CLEAN - Comments: OBSERVED DEBRIS ON FLOORS ALONG WALLS AND CORNERS THROUGHOUT THE FACILITY. INSTRUCTED MANAGER TO CLEAN AND MAINTAIN.",41.8948782473801,-87.7478297856346,GOLD MOOR FOOD MARKET,4851 W CHICAGO AVE,POINT (-87.7478297856346 41.8948782473801),24.0,AUSTIN,199254203.427,25.0,25.0,75226.4749167,FALSE,,,
Leamington Foods,Pass W/ Conditions,FALSE,TRUE,TRUE,5467 W Madison St,CHICAGO,IL,60644.0,2024-09-24,"3. MANAGEMENT, FOOD EMPLOYEE AND CONDITIONAL EMPLOYEE; KNOWLEDGE, RESPONSIBILITIES AND REPORTING - Comments: OBSERVED NO SIGNED EMPLOYEE HEALTH POLICIES ON SITE FOR ALL FOOD EMPLOYEES DURING THE TIME OF INSPECTION.INSTRUCTED TO PROVIDE AND MAINTAIN ON-SITE FOR REVIEW. PRIORITY FOUNDATION VIOLATION. #7-38-010. CITATION ISSUED. | 13. FOOD IN GOOD CONDITION, SAFE, & UNADULTERATED - Comments: OBSERVED VARIOUS PRODUCE ITEMS FOR SALE WITH THE PRESENCE OF WHITE/GRAY/BLACK MOLD LIKE FLUFFY FUZZ AND DUSTY BUILD UP, BRUISED, DISCOLORED, AND SOME ITEMS SOFT TO THE TOUCH DURING TIME OF THE INSPECTION. THEY ARE AS FOLLOWS... APPROXIMATELY 40LBS STRAWBERRIES, 5 LBS PACKAGED CAULIFLOWER, 7 LBS RED SEEDLESS GRAPES, 12LBS ZHUCCINI, 5 LBS YELLOW SQUASH, 8 LBS SERRANO PEPPERS, 5 LBS FRESH CORN, AND 8 LBS CANTALOUPE. ALL SAID ITEMS ARE STORED INSIDE THE DISPLAY COOLER IN THE REAR OF THE FACILITY AND THE BASEMENT WALK-IN COOLER AT THIS TIME. INSTRUCTED TO PROVIDE SAFE, UNADULTERATED, AND HONESTLY REPRESENTED FOOD ITEMS AS REQUIRED BY CODE. PRIORITY VIOLATION. 7-38-005. CITATION ISSUED. ALL SAID ITEMS WERE VOLUNTARILY DISCARDED BY THE PERSON IN CHARGE. TOTAL COST: $200. | 36. THERMOMETERS PROVIDED & ACCURATE - Comments: OBSERVED MISSING THERMOMETER INSIDE DAIRY DISPLAY COOLER AS WELL AS MEAT WALK-IN COOLER. INSTRUCTED TO PROVIDE. | 40. PERSONAL CLEANLINESS - Comments: OBSERVED FOOD HANDLER PREPARING FOOD (CHOPPED ONION AND ASSORTED MELONS IN BASEMENT PREP AREA WITHOUT HAIR RESTRAINT. INSTRUCTED TO PROVIDE AND MAINTAIN WHILE OPERATING. | 47. FOOD & NON-FOOD CONTACT SURFACES CLEANABLE, PROPERLY DESIGNED, CONSTRUCTED & USED - Comments: OBSERVED PRODUCE DISPLAY COOLING EQUIPMENT AND WALLS THROUGHOUT MEAT PREP AREAS AS WELL AS CEILING AND WALLS OF PRODUCE WALK-IN COOLER WITH BUILT-UP MOLD-LIKE BLACK PATCHES THAT COVER LARGE AREA OF SAID EQUIPMENT AND WALLS. INSTRUCTED TO REMOVE AND MAINTAIN NONFOOD CONTACT SURFACES. | 51. PLUMBING INSTALLED; PROPER BACKFLOW DEVICES - Comments: OBSERVED 3-COMPARTMENT SINK WITH LEAKY ON FACET NECK IN MEAT PREP DEPARTMENT. INSTRUCTED TO REPAIR AND MAINTAIN IN GOOD CONDITION.",41.8801681736168,-87.7625390920988,LEAMINGTON FOODS,5467 W MADISON ST,POINT (-87.7625390920988 41.8801681736168),24.0,AUSTIN,199254203.427,25.0,25.0,75226.4749167,TRUE,,,
Magic Food,Pass W/ Conditions,TRUE,FALSE,TRUE,6020-6022 W North Ave,CHICAGO,IL,60639.0,2025-04-02,"10. ADEQUATE HANDWASHING SINKS PROPERLY SUPPLIED AND ACCESSIBLE - Comments: OBSERVED HANDWASHING SINK INACCESSIBLE AT THE REAR/DISHWASHING AREA IN OPERABLE DUE TO IT BEING TURNED OFF. INSTRUCTED TO REPAIR OR REPLACE AND MAINTAIN. PRIORITY FOUNDATION VIOLATION 7-38-030(c)CITATION ISSUED | 10. ADEQUATE HANDWASHING SINKS PROPERLY SUPPLIED AND ACCESSIBLE - Comments: OBSERVED NO HAND SOAP AVAILABLE AT HANDSINK IN PREP/DISWASHING AREA. INSTRUCTED TO PROVIDE HANDSOAP AT ALL TIMES. PRIORITY FOUNDATION VIOLATION 7-38-030 (C) CITATION COMBINED WITH ABOVE | 10. ADEQUATE HANDWASHING SINKS PROPERLY SUPPLIED AND ACCESSIBLE - Comments: OBSERVED NO PAPER TOWELS AT EXPOSED HAND WASHING SINK BY THE WASHROOM AND THE WASHBOWL IN THE WASHROOM. INSTRUCTED TO MAINTAIN PAPER TOWELS AT ALL EXPOSED HAND WASHING SINKS AT ALL TIMES. PRIORITY FOUNDATION VIOLATION 7-38-030(C). CITATION COMBINED WITH ABOVE VIOLATION.   | 39. CONTAMINATION PREVENTED DURING FOOD PREPARATION, STORAGE & DISPLAY - Comments: OBSERVED FOOD ITEMS STORED ON FLOOR IN WALK-IN COOLER. INSTRUCTED MANAGER TO ELEVATE ALL FOOD SIX INCHES OFF FLOOR.  | 47. FOOD & NON-FOOD CONTACT SURFACES CLEANABLE, PROPERLY DESIGNED, CONSTRUCTED & USED - Comments: NOTED SOME USE OF MILK CRATES FOR ELEVATION AT THE  DISHWASHING AREA, AND DRY STORAGE AREA. INSTRUCTED NOT TO USE MILK CRATES FOR ELEVATION TO PREVENT HIDING PLACES FOR PEST. MUST PROVIDE APPROPRIATE SHELVING FOR STORAGE. ALL FOOD ITEMS MUST ALSO BE STORED 6"" AWAY FROM THE WALL  | 53. TOILET FACILITIES: PROPERLY CONSTRUCTED, SUPPLIED, & CLEANED - Comments: OBSERVED WASHROOM DOOR NOT SELF-CLOSING. INSTRUCTED MANAGER TO REPAIR SELF-CLOSING DEVICE ON WASHROOM DOOR.  | 55. PHYSICAL FACILITIES INSTALLED, MAINTAINED & CLEAN - Comments: OBSERVED DEBRIS ON FLOORS ALONG WALLS AND CORNERS IN UTILITY AND STORAGE AREAS. INSTRUCTED MANAGER TO CLEAN AND MAINTAIN.  | 56. ADEQUATE VENTILATION & LIGHTING; DESIGNATED AREAS USED - Comments: OBSERVED SOME MISSING LIGHT SHIELDS. INSTRUCTED TO REPLACE | 56. ADEQUATE VENTILATION & LIGHTING; DESIGNATED AREAS USED - Comments: OBSERVED DIRT BUILD UP IN SOME VENT IN THE FACILITY. INSTRUCTED TO CLEAN AND MAINTAIN",41.9093567851251,-87.7761236827794,MAGIC FOOD,60206022 W NORTH AVE,POINT (-87.7761236827794 41.9093567851251),24.0,AUSTIN,199254203.427,25.0,25.0,75226.4749167,FALSE,,,
Marathon Fuel &  Mini Mart,Pass W/ Conditions,TRUE,FALSE,TRUE,5201 W Division St,CHICAGO,IL,60651.0,2025-03-26,"5. PROCEDURES FOR RESPONDING TO VOMITING AND DIARRHEAL EVENTS - Comments: OBSERVED NO VOMIT AND DIARRHEAL SPILL KIT AND NO CORRESPONDING CLEAN UP PROCEDURE FOR RESPONDING TO VOMITING AND DIARRHEAL EVENTS ON SITE AT THE TIME OF INSPECTION. INSTRUCTED FACILITY TO PROVIDE.  PRIORITY FOUNDATION VIOLATION. 7-38-005. CITATION ISSUED.  | 36. THERMOMETERS PROVIDED & ACCURATE - Comments: OBSERVED NO AMBIENT AIR THERMOMETERS INSIDE REAR DISPLAY/WALK IN COOLERS. INSTRUCTED TO PROVIDE TO PROPERLY MONITOR THE AMBIENT AIR TEMPERATURE OF EQUIPMENT.  | 39. CONTAMINATION PREVENTED DURING FOOD PREPARATION, STORAGE & DISPLAY - Comments: OBSERVED IMPROPER STORAGE OF CASES OF SODA POPS, WATER AND BANANAS IN A BOX STORED ON THE FLOOR IN THE WALK-IN COOLER, STORAGE AREA AND BEHIND THE CASHIER COUNTER AREA. INSTRUCTED TO PROPERLY BY ELEVATING AT LEAST SIX INCHES FROM THE FLOOR ON RAISED SHELVING UNITS. | 53. TOILET FACILITIES: PROPERLY CONSTRUCTED, SUPPLIED, & CLEANED - Comments: OBSERVED NO TRASH CAN COVER IN THE EMPLOYEE WASHROOM. INSTRUCTED TO PROVIDE. | 55. PHYSICAL FACILITIES INSTALLED, MAINTAINED & CLEAN - Comments: OBSERVED IMPROPER STORAGE OF MOP IN THE UTILITY SINK AREA. INSTRUCTED TO STORE PROPERLY.",41.9021386350137,-87.7558329875026,MARATHON FUEL MINI MART,5201 W DIVISION ST,POINT (-87.7558329875026 41.9021386350137),24.0,AUSTIN,199254203.427,25.0,25.0,75226.4749167,FALSE,,,
Moses Butcher Shop,Pass W/ Conditions,TRUE,FALSE,TRUE,5057 W Division St,CHICAGO,IL,60651.0,2025-02-25,"10. ADEQUATE HANDWASHING SINKS PROPERLY SUPPLIED AND ACCESSIBLE - Comments: OBSERVED HANDWASHING SINK IN REAR FOOD PREPARATION/DELI AREA NOT ACCESSIBLE WITH SMALL BUCKET OF WATER IN THE SINK. INSTRUCTED TO REMOVE AND THAT SINK MUST BE ACCESSIBLE FOR HANDWASHING ONLY.  PRIORITY FOUNDATION VIOLATION #7-38-030(C). CITATION ISSUED. | 40. PERSONAL CLEANLINESS - Comments: OBSERVED FOOD HANDLER WITH NO HAIR NET/RESTRAINT IN THE FOOD PREP/DELI AREA. INSTRUCTED TO PROVIDE. | 43. IN-USE UTENSILS: PROPERLY STORED - Comments: OBSERVED IMPROPER STORAGE OF ICE SCOOP IN THE BACK AREA AT THE ICE MACHINE. INSTRUCTED TO STORE PROPERLY IN BETWEEN USAGE. | 55. PHYSICAL FACILITIES INSTALLED, MAINTAINED & CLEAN - Comments: OBSERVED WATER-STAINED CEILING TILE IN ISLES 3 AND MISSING CEILING TILE IN THE FRONT AREA OF THE FACILITY OVER THE CHECK OUT AREAS. INSTRUCTED TO REPLACE AND MAINTAIN. | 55. PHYSICAL FACILITIES INSTALLED, MAINTAINED & CLEAN - Comments: OBSERVED OLD/UNUSED EQUIPMENT IN AN UNUSED PART OF THE BACK FOOD PREPARATION AREA. INSTRUCTED TO REMOVE/DISCARD AND MAINTAIN. | 56. ADEQUATE VENTILATION & LIGHTING; DESIGNATED AREAS USED - Comments: OBSERVED DIRTY OVERHEAD VENTS IN ISLES 1 AND 2. INSTRUCTED TO CLEAN AND MAINTAIN.",41.9021664421014,-87.7531823487098,MOSES BUTCHER SHOP,5057 W DIVISION ST,POINT (-87.7531823487098 41.9021664421014),24.0,AUSTIN,199254203.427,25.0,25.0,75226.4749167,FALSE,,,
Village Meat & Food,Pass W/ Conditions,TRUE,FALSE,FALSE,5954 W North Ave,CHICAGO,IL,60639.0,2024-06-13,"3. MANAGEMENT, FOOD EMPLOYEE AND CONDITIONAL EMPLOYEE; KNOWLEDGE, RESPONSIBILITIES AND REPORTING - Comments: OBSERVED NO VERIFIABLE EMPLOYEE HEALTH POLICY ON SITE AT TIME OF INSPECTION. LEFT TEMPLATE AND INSTRUCTED TO MAINTAIN COPIES OF VERIFIABLE HEALTH POLICY SIGNED BY ALL EMPLOYEES ON SITE AT ALL TIMES. PRIORITY FOUNDATION VIOLATION 7-38-010. NO CITATION ISSUED.  | 53. TOILET FACILITIES: PROPERLY CONSTRUCTED, SUPPLIED, & CLEANED - Comments: NOTED EMPLOYEE WASHROOM ON PREMISE WITHOUT GARBAGE RECEPTACLES AND NO LIDS. INSTRUCTED TO PROVIDE TRASH CANS WITH LIDS AT ALL WOMEN WASHROOMS AND UNISEX WASHROOMS.  | 55. PHYSICAL FACILITIES INSTALLED, MAINTAINED & CLEAN - Comments: FOUND AN ACCUMULATION DIRT AND OLD DEBRIS ON THE FLOOR AND CORNERS THROUGHOUT THE FACILITY. MUST DETAIL CLEAN AND MAINTAIN  | 55. PHYSICAL FACILITIES INSTALLED, MAINTAINED & CLEAN - Comments: OBSERVED UNUSED EQUIPMENT AND UNNECESSARY ARTICLES IN STORAGE AREA. INSTRUCTED MANAGER TO REMOVE ALL UNUSED, UNNECSSARY EQUIPMENT AND ARTICLES TO PREVENT PEST HARBORAGE.  | 57. ALL FOOD EMPLOYEES HAVE FOOD HANDLER TRAINING - Comments: OBSERVED NO FOOD HANDLER CERTIFICATES. INSTRUCTED ALL EMPLOYEES MUST COMPLETE FOOD HANDLER TRAINING AND MAINTAIN RECORDS THEREOF ON SITE AT ALL TIMES",41.909368599451500,-87.7751792962271,VILLAGE MEAT FOOD,5954 W NORTH AVE,POINT (-87.7751792962271 41.909368599451504),24.0,AUSTIN,199254203.427,25.0,25.0,75226.4749167,,,,
"White & Blue Market, Inc",Pass W/ Conditions,TRUE,FALSE,FALSE,5808 W North Ave,CHICAGO,IL,60639.0,2018-10-01,"3. MANAGEMENT, FOOD EMPLOYEE AND CONDITIONAL EMPLOYEE; KNOWLEDGE, RESPONSIBILITIES AND REPORTING - Comments:  2-102.14(N): NO EMPLOYEE HEALTH POLICY ON SITE. MUST PROVIDE  PRIORITY FOUNDATION VIOLATION#: 7-38-010. NO CITATION ISSUED.  | 5. PROCEDURES FOR RESPONDING TO VOMITING AND DIARRHEAL EVENTS - Comments: 2-501.11: NO VOMITOUS AND DIARRHEAL INCIDENT CLEAN UP POLICY AND KIT ON SITE. MUST PROVIDE. PRIORITY FOUNDATION VIOLATION#: 7-38-005. NO CITATION ISSUED.  | 44. UTENSILS, EQUIPMENT & LINENS: PROPERLY STORED, DRIED, & HANDLED - Comments: 4-903.11(A)(B)(D): MUST PROVIDE ALL FOOD STORAGE SHELVING TO BE DESIGNED FOR ADEQUATE FACILITY CLEANING AND BE 6"" OFF THE FLOOR.  | 51. PLUMBING INSTALLED; PROPER BACKFLOW DEVICES - Comments: 5-204.12: UNABLE TO SEE THE LOCATION OF THE MOP SINK BACKFLOW PREVENTION DEVICE. MUST PROVIDE.   | 55. PHYSICAL FACILITIES INSTALLED, MAINTAINED & CLEAN - Comments: 6-201.13: MUST PROVIDE A 4 INCH TALL, NON-POROUS, CORROSION RESISTANT, SMOOTH, EASILY CLEANABLE FLOOR COVING THROUGHOUT FACILITY.  | 55. PHYSICAL FACILITIES INSTALLED, MAINTAINED & CLEAN - Comments: 6-201.11: MUST PROVIDE WALL COVERING IN AREAS EXPOSED TO SPLASH, DIRT, DUST, OR CONTAMINANTS TO BE A NON-POROUS, CORROSION-RESISTANT, SMOOTH, EASILY CLEANABLE SURFACE.  OBSERVED RAW WOOD THROUGHOUT MUST PROVIDE A SMOOTH EASILY CLEANABLE SURFACE.  | 55. PHYSICAL FACILITIES INSTALLED, MAINTAINED & CLEAN - Comments: 6-501.12(A): OBSERVED EXCESS DIRT/DEBRIS ON THE WALLS AND FLOOR THROUGHOUT FACILITY. MUST DETAIL CLEAN AND MAINTAIN.  | 55. PHYSICAL FACILITIES INSTALLED, MAINTAINED & CLEAN - Comments: 6-501.11: OBSERVED HOLES/CRACKS AND PEELING PAINT ON WALLS AND CEILING THROUGHOUT FACILITY MUST FILL ALL HOLES/CRACKS REMOVE PEELING PAINT AND PROVIDE A SMOOTH EASILY CLEANABLE SURFACE.   OBSERVED BROKEN FLOOR TILES THROUGHOUT FACILITY MUST REPLACE AND MAINTAIN.   OBSERVED STAINED AND MISSING CEILING TILES THROUGHOUT FACILITY. MUST REPLACE AND MAINTAIN.        | 56. ADEQUATE VENTILATION & LIGHTING; DESIGNATED AREAS USED - Comments: 6-501.14: OBSERVED AN ACCUMULATION OF DIRT/DEBRIS BUILDUP ON THE TOILET ROOM EXHAUST VENTILATION. MUST DETAIL CLEAN AND MAINTAIN.",41.9094239977458,-87.7706472429046,WHITE BLUE MARKET INC,5808 W NORTH AVE,POINT (-87.7706472429046 41.9094239977458),24.0,AUSTIN,199254203.427,25.0,25.0,75226.4749167,FALSE,,,
123 Food Market,Pass,TRUE,FALSE,TRUE,310 N Central Ave,CHICAGO,IL,60644.0,2023-11-15,"10. ADEQUATE HANDWASHING SINKS PROPERLY SUPPLIED AND ACCESSIBLE - Comments: OBSERVED NO HAND WASHING SIGNAGE AT HAND WASHING SINK IN WASHROOM. INSTRUCTED MANAGER TO PROVIDE.  | 47. FOOD & NON-FOOD CONTACT SURFACES CLEANABLE, PROPERLY DESIGNED, CONSTRUCTED & USED - Comments: OBSERVED DUST BUILD UP ON COMPRESSOR UNIT INSIDE COLD HOLDING UNIT. INSTRUCTED MANAGER TO CLEAN AND MAINTAIN.  | 53. TOILET FACILITIES: PROPERLY CONSTRUCTED, SUPPLIED, & CLEANED - Comments:  OBSERVED NO COVERED RECEPTACLES INSIDE OF UNISEX TOILET ROOM. INSTRUCTED TO PROVIDE.  | 53. TOILET FACILITIES: PROPERLY CONSTRUCTED, SUPPLIED, & CLEANED - Comments: OBSERVED WASHROOM DOOR NOT SELF-CLOSING. INSTRUCTED MANAGER TO REPAIR SELF-CLOSING DEVICE ON WASHROOM DOOR.  | 55. PHYSICAL FACILITIES INSTALLED, MAINTAINED & CLEAN - Comments: OBSERVED SOILED MOP HEADS NOT PROPERLY STORED. INSTRUCTED MANAGER TO HANG MOP HEADS TO PREVENT INSECT BREEDING.  | 55. PHYSICAL FACILITIES INSTALLED, MAINTAINED & CLEAN - Comments: OBSERVED DEBRIS ON FLOORS ALONG WALLS AND CORNERS THROUGHOUT FACILITY. INSTRUCTED MANAGER TO CLEAN AND MAINTAIN.",41.886084166391,-87.7652163636043,123 FOOD MARKET,310 N CENTRAL AVE,POINT (-87.7652163636043 41.886084166391),24.0,AUSTIN,199254203.427,25.0,25.0,75226.4749167,FALSE,,,
365 Foodmart Corporation,Pass,TRUE,FALSE,TRUE,5100 W Madison St,CHICAGO,IL,60644.0,2023-05-24,"10. ADEQUATE HANDWASHING SINKS PROPERLY SUPPLIED AND ACCESSIBLE - Comments: OBSERVED NO HAND WASHING SIGNAGE AT HAND WASHING SINK IN PREP AREA. INSTRUCTED MANAGER TO PROVIDE.  | 48. WAREWASHING FACILITIES: INSTALLED, MAINTAINED & USED; TEST STRIPS - Comments: OBSERVED NO SINK STOPPER ON SITE AT TIME OF INSPECTION. INSTRUCTED TO PROVIDE ADEQUATE SINK STOPPERS TO FILL 3 COMPARTMENT SINK.  | 55. PHYSICAL FACILITIES INSTALLED, MAINTAINED & CLEAN - Comments: OBSERVED SOILED MOP HEAD NOT PROPERLY STORED. INSTRUCTED MANAGER TO HANG MOP HEADS TO PREVENT INSECT BREEDING.",41.8805135777122,-87.752667883391,365 FOODMART CORPORATION,5100 W MADISON ST,POINT (-87.752667883391 41.8805135777122),24.0,AUSTIN,199254203.427,25.0,25.0,75226.4749167,FALSE,,,
4 Brothers Food Mart Corp.,Pass,TRUE,FALSE,TRUE,4755 W Madison St,CHICAGO,IL,60644.0,2012-01-27,"32. FOOD AND NON-FOOD CONTACT SURFACES PROPERLY DESIGNED, CONSTRUCTED AND MAINTAINED - Comments: Inspector Comments: All food and non-food contact equipment and utensils shall be smooth, easily cleanable, and durable, and shall be in good repair.MUST APPLY A SEALANT OR PAINT RAW WOOD SHELVES AT SERVICE COUNTER | 33. FOOD AND NON-FOOD CONTACT EQUIPMENT UTENSILS CLEAN, FREE OF ABRASIVE DETERGENTS - Comments: Inspector Comments: All food and non-food contact surfaces of equipment and all food storage utensils shall be thoroughly cleaned and sanitized daily.MUST CLEAN SERVICE COUNTER SHELVING UNITS,HAND SINK,3- COMP SINK,UNUSED EQUIPMENT IN FRONT AREA.   | 34. FLOORS: CONSTRUCTED PER CODE, CLEANED, GOOD REPAIR, COVING INSTALLED, DUST-LESS CLEANING METHODS USED - Comments: Inspector Comments: The floors shall be constructed per code, be smooth and easily cleaned, and be kept clean and in good repair.MUST CLEAN FLOOR & CARPET.MUST REPAIR OR REPLACE DAMAGED FLOOR TILES.   | 35. WALLS, CEILINGS, ATTACHED EQUIPMENT CONSTRUCTED PER CODE: GOOD REPAIR, SURFACES CLEAN AND DUST-LESS CLEANING METHODS - Comments: Inspector Comments: The walls and ceilings shall be in good repair and easily cleaned.MUST REPAIR OR REPLACE WALLS IN POOR REPAIR,STAINED CEILING TILES.MUST SEAL ALL OPENINGS AROUND PIPES LEADING INTO WALLS & CEILINGS. | 37. TOILET ROOM DOORS SELF CLOSING: DRESSING ROOMS WITH LOCKERS PROVIDED: COMPLETE SEPARATION FROM LIVING/SLEEPING QUARTERS - Comments: Inspector Comments: None of the operations connected with food establishments shall be conducted in any room used as living or sleeping quarters.MUST PROVIDE SELF CLOSING DEVICE ON TOILET ROOM DOOR.   | 38. VENTILATION: ROOMS AND EQUIPMENT VENTED AS REQUIRED: PLUMBING: INSTALLED AND MAINTAINED - Comments: Inspector Comments: The flow of air discharged from kitchen fans shall always be through a duct to a point above the roofline.MUST REPAIR OR REPLACE LEAKY PIPE AT 3- COMP SINK.   | 41. PREMISES MAINTAINED FREE OF LITTER, UNNECESSARY ARTICLES, CLEANING  EQUIPMENT PROPERLY STORED - Comments: Inspector Comments: All parts of the food establishment and all parts of the property used in connection with the operation of the establishment shall be kept neat and clean and should not produce any offensive odors.MUST ELEVATE ARTICLES OFF OF FLOOR & AWAY FROM WALLS THROUGHOUT",41.8803916091826,-87.7450012321229,4 BROTHERS FOOD MART CORP,4755 W MADISON ST,POINT (-87.7450012321229 41.8803916091826),24.0,AUSTIN,199254203.427,25.0,25.0,75226.4749167,FALSE,,,
Aldi Inc Store 14,Pass,FALSE,TRUE,TRUE,5629 W Fillmore St,CHICAGO,IL,60644.0,2020-08-26,,41.8673156478787,-87.7655979429606,ALDI INC STORE 14,5629 W FILLMORE ST,POINT (-87.7655979429606 41.8673156478787),24.0,AUSTIN,199254203.427,25.0,25.0,75226.4749167,TRUE,GTG,,
Big Moe'S Cellular & Food,Pass,TRUE,FALSE,FALSE,5539-5541 W Chicago Ave,CHICAGO,IL,60651.0,2023-12-05,"38. INSECTS, RODENTS, & ANIMALS NOT PRESENT - Comments: 6-202.15: OBSERVED OPENING BETWEEN FRONT ENTRANCE DOUBLE DOORS FROM TOP TO BOTTOM. INSTRUCTED TO SEAL ALL OUTER OPENINGS TO PREVENT PEST ENTRANCE. | 47. FOOD & NON-FOOD CONTACT SURFACES CLEANABLE, PROPERLY DESIGNED, CONSTRUCTED & USED - Comments: 4-101.19: OBSERVED BUCKETS OF SOAP STORED ON FLOOR IN RETAIL AREA AND SODA STORED ON FLOOR IN SODA CRATES IN RETAIL. INSTRUCTED TO PROVIDE ADEQUATE SHELVING TO ELEVATE ALL FOOD AND NONFOOD ITEMS AT LEAST SIX INCHES OFF OF FLOOR FOR EASE OF CLEANABILITY AND TO PREVENT AREAS FOR PEST HARBORAGE.  | 47. FOOD & NON-FOOD CONTACT SURFACES CLEANABLE, PROPERLY DESIGNED, CONSTRUCTED & USED - Comments: 4-501.11: OBSERVED BROKEN GLASS ON ONE DOOR OF FREEZER AND BROKEN GLASS ON TWO DOORS OF COLD HOLDING UNIT CLOSEST TO WESTSIDE. INSTRUCTED TO REPLACE GLASS IN DOORS OF FREEZER AND COLD HOLDING UNIT AND MAINTAIN.   | 51. PLUMBING INSTALLED; PROPER BACKFLOW DEVICES - Comments: 5-205.15: OBSERVED LEAKING FAUCET OF THREE COMPARTMENT SINK. INSTRUCTED TO REPAIR LEAKING FAUCET OF THREE COMPARTMENT SINK AND MAINTAIN. | 54. GARBAGE & REFUSE PROPERLY DISPOSED; FACILITIES MAINTAINED - Comments: 5-501.115: OBSERVED UNUSED EQUIPMENT AND SODA CRATES IN AREA NEAR DUMPSTER. INSTRUCTED TO REMOVE UNNECESSARY EQUIPMENT AND SODA CRATES AND MAINTAIN. | 55. PHYSICAL FACILITIES INSTALLED, MAINTAINED & CLEAN - Comments: 6-501.12: OBSERVED SPLASHES ON WALL OF WASHROOM. INSTRUCTED TO CLEAN AND MAINTAIN. OBSERVED DUST IN ALL WINDOWSILLS IN FRONT RETAIL AREA. INSTRUCTED TO CLEAN AND MAINTAIN.  | 55. PHYSICAL FACILITIES INSTALLED, MAINTAINED & CLEAN - Comments: 6-501.11: OBSERVED HOLES IN FLOOR AND CRACKED FLOOR TILES NEAR FRONT ENTRANCE AND BROKEN FLOOR TILES IN REAR IN FRONT OF REAR EXIT. INSTRUCTED TO SMOOTHLY REPAIR OR REPLACE FLOOR/FLOOR TILES FOR EASE OF CLEANABILITY. OBSERVED HOLE IN WALL IN WASHROOM ON NORTHSIDE. INSTRUCTED TO SMOOTHLY SEAL FOR EASE OF CLEANABILITY. | 56. ADEQUATE VENTILATION & LIGHTING; DESIGNATED AREAS USED - Comments: 6-501.14: OBSERVED DUST ON CEILING VENT COVER IN WASHROOM. INSTRUCTED TO CLEAN AND MAINTAIN.",41.8947472606308,-87.7652177024784,BIG MOES CELLULAR FOOD,55395541 W CHICAGO AVE,POINT (-87.7652177024784 41.8947472606308),24.0,AUSTIN,199254203.427,25.0,25.0,75226.4749167,FALSE,,,
Candy City & Market,Pass,TRUE,FALSE,TRUE,5034 W North Ave,CHICAGO,IL,60639.0,2014-06-03,"32. FOOD AND NON-FOOD CONTACT SURFACES PROPERLY DESIGNED, CONSTRUCTED AND MAINTAINED - Comments: Inspector Comments: MUST SEAL RAW WOOD SHELVING UNIT & COUNTER | 35. WALLS, CEILINGS, ATTACHED EQUIPMENT CONSTRUCTED PER CODE: GOOD REPAIR, SURFACES CLEAN AND DUST-LESS CLEANING METHODS - Comments: Inspector Comments: MUST REPAIR OR REPLACE MISSING WALL BASES & WALL IN REAR AREA & OPENINGS AROUND PIPES LEADING INTO WALLS & CEILINGS.MUST SEAL WALL BASES",41.9096507011389,-87.7526306140482,CANDY CITY MARKET,5034 W NORTH AVE,POINT (-87.7526306140482 41.9096507011389),24.0,AUSTIN,199254203.427,25.0,25.0,75226.4749167,FALSE,,,
Carlos Food,Pass,TRUE,FALSE,TRUE,5261 W North Ave,CHICAGO,IL,60639.0,2023-11-24,"36. THERMOMETERS PROVIDED & ACCURATE - Comments: OBSERVED NO VISIBLE THERMOMETER IN THREE DOOR COLD HOLDING UNIT WHERE COLD TCS FOODS SUCH AS MILK, EGGS AND CHEESE ARE HELD. INSTRUCTED TO PROVIDE VISIBLE THERMOMETER FOR THREE DOOR COLD HOLDING UNIT USED TO HOLD COLD TCS FOODS. | 47. FOOD & NON-FOOD CONTACT SURFACES CLEANABLE, PROPERLY DESIGNED, CONSTRUCTED & USED - Comments: OBSERVED BEVERAGES IN FRONT RETAIL AND REAR STORAGE ROOM STORED ON FLOOR IN SODA CRATES AND ON LARGE BLACK PALLETS. INSTRUCTED TO PROVIDE ADEQUATE SHELVING TO ELEVATE ALL FOOD AND NONFOOD ITEMS AT LEAST SIX INCHES OFF OF FLOOR FOR EASE OF CLEANABILITY AND TO PREVENT AREAS FOR PEST HARBORAGE.  OBSERVED SHELVING UNITS STORED ON FLOOR IN SMALL STORAGE ROOM WITH HOT WATER TANK. INSTRUCTED TO PROVIDE ADEQUATE SHELVING TO ELEVATE ALL FOOD AND NONFOOD ITEMS AT LEAST SIX INCHES OFF OF FLOOR FOR EASE OF CLEANABILITY AND TO PREVENT AREAS FOR PEST HARBORAGE. | 47. FOOD & NON-FOOD CONTACT SURFACES CLEANABLE, PROPERLY DESIGNED, CONSTRUCTED & USED - Comments: OBSERVED DAMAGED GASKETS ON TWO OF THREE DOORS OF COLD HOLDING UNIT CLOSEST TO WESTSIDE WALL.(TWO DOORS ARE ON THE LEFT). INSTRUCTED TO REPAIR AND MAINTAIN.  | 49. NON-FOOD/FOOD CONTACT SURFACES CLEAN - Comments: OBSERVED FOOD DEBRIS ON INTERIOR BOTTOM SILVER SHELF/BASE OF TWO THREE DOOR COLD HOLDING UNITS IN FRONT RETAIL AREA. INSTRUCTED TO DETAIL CLEAN AND MAINTAIN. | 51. PLUMBING INSTALLED; PROPER BACKFLOW DEVICES - Comments: OBSERVED WATER LEAKING FROM DRAIN PIPE OF THREE COMPARTMENT SINK. INSTRUCTED TO REPAIR AND MAINTAIN. | 53. TOILET FACILITIES: PROPERLY CONSTRUCTED, SUPPLIED, & CLEANED - Comments: OBSERVED NO COVERED RECEPTACLE IN WASHROOM. INSTRUCTED TO PROVIDE COVERED RECEPTACLE AND MAINTAIN. | 55. PHYSICAL FACILITIES INSTALLED, MAINTAINED & CLEAN - Comments: OBSERVED DOG FECES IN REAR OF FACILITY IN BACKYARD LEADING FROM REAR EXIT DOOR  TO DUMPSTER IN ALLEY. INSTRUCTED TO REMOVE DOG FECES IN REAR OF FACILITY IN BACKYARD LEADING TO DUMPSTER.  OBSERVED DEBRIS AND DIRT ON FLOOR UNDERNEATH THREE COMPARTMENT SINK, BEHIND GREASETRAP AND IN CORNER AREA BETWEEN THREE COMPARTMENT SINK AND UTILITY SINK. INSTRUCTED TO CLEAN FLOOR  AND MAINTAIN. | 55. PHYSICAL FACILITIES INSTALLED, MAINTAINED & CLEAN - Comments: OBSERVED STAINED CEILING TILES IN REAR OF FACILITY IN AREAS SUCH AS IN FRONT OF DOOR LEADING TO REAR STORAGE ROOM AND ABOVE THREE DOOR COLD HOLDING UNIT NEXT TO HANDWSHING SINK. INSTRUCTED TO REPLACE ALL STAINED CEILING TILES THROUGHOUT FACILITY. | 55. PHYSICAL FACILITIES INSTALLED, MAINTAINED & CLEAN - Comments: OBSERVED MOP DRYING IN BUCKET IN REAR OF FACILITY. INSTRUCTED TO INSTALL MOP DRYING RACK FOR PROPER DRAINAGE AND DRYING OF WET MOPS TO PREVENT PEST BREEDING.",41.9093643280925,-87.7579181823473,CARLOS FOOD,5261 W NORTH AVE,POINT (-87.7579181823473 41.9093643280925),24.0,AUSTIN,199254203.427,25.0,25.0,75226.4749167,FALSE,,,
Cicero Brothers,Pass,TRUE,FALSE,TRUE,617 N Cicero Ave,CHICAGO,IL,60644.0,2023-02-24,"36. THERMOMETERS PROVIDED & ACCURATE - Comments: OBSERVED NO AMBIENT AIR THERMOMETERS INSIDE THE REACH IN COOLERS. INSTRUCTED TO PROVIDE CONSPICUOUS AND EASILY READABLE THERMOMETERS INSIDE ALL REFRIGERATOR UNITS TO PROPERLY MONITOR THE AMBIENT AIR TEMPERATURE OF EQUIPMENT. | 39. CONTAMINATION PREVENTED DURING FOOD PREPARATION, STORAGE & DISPLAY - Comments: OBSERVED FOOD ITEMS STORED ON FLOOR IN REAR DRY STORAGE AREA. INSTRUCTED MANAGER TO ELEVATE ALL FOOD SIX INCHES OFF FLOOR. | 47. FOOD & NON-FOOD CONTACT SURFACES CLEANABLE, PROPERLY DESIGNED, CONSTRUCTED & USED - Comments: OBSERVED DUCT TAPE AS A MEANS OF REPAIR IN THE BATHROOM. INSTRUCTED MUST NOT USE DUCT TAPE AS A MEANS OF REPAIR ON WALL BETWEEN HANDWASHING SINK IN BATHROOM. THE SURFACE MUST BE SMOOTH AND CLEANABLE | 55. PHYSICAL FACILITIES INSTALLED, MAINTAINED & CLEAN - Comments: OBSERVED SEVERAL BROKEN FLOOR TILES IN REAR AREA, AND IN THE BATHROOM. MUST FILL GAPS/ GROUT TO PREVENT DEBRIS AND LIQUID FROM ACCUMULATING IN THESE AREAS OF FLOORS. ALL FLOORS MUST BE SMOOTH, EVEN AND EASILY CLEANABLE. MUST MAINTAIN SAME.",41.8919204890199,-87.7455514714061,CICERO BROTHERS,617 N CICERO AVE,POINT (-87.7455514714061 41.8919204890199),24.0,AUSTIN,199254203.427,25.0,25.0,75226.4749167,FALSE,,,
Falcon Fuel,Pass,TRUE,FALSE,FALSE,1201-1211 N Central Ave,CHICAGO,IL,60651.0,2022-06-29,"47. FOOD & NON-FOOD CONTACT SURFACES CLEANABLE, PROPERLY DESIGNED, CONSTRUCTED & USED - Comments: OBSERVED RAW EXPOSED WOOD IN REAR BEVERAGE STORAGE AREA.  INSTRUCTED TO PAINT OR STAIN WOOD AS A MEANS OF MAKING EASY TO CLEAN AND MAINTAIN.  | 55. PHYSICAL FACILITIES INSTALLED, MAINTAINED & CLEAN - Comments: OBSERVED FLOORS UNDER SHELVING UNITS THROUGHOUT THE FACILITY WITH A BUILD UP OF DIRT AND DEBRIS.  INSTRUCTED TO CLEAN AND MAINTAIN.",41.9021910503325,-87.7655076571398,FALCON FUEL,12011211 N CENTRAL AVE,POINT (-87.7655076571398 41.9021910503325),24.0,AUSTIN,199254203.427,25.0,25.0,75226.4749167,FALSE,,,
Food 4 Less Midwest # 567,Pass,FALSE,TRUE,TRUE,4821 W North Ave,CHICAGO,IL,60639.0,2025-04-21,"47. FOOD & NON-FOOD CONTACT SURFACES CLEANABLE, PROPERLY DESIGNED, CONSTRUCTED & USED - Comments:  OBSERVED THE FLOORS AND VENTS IN THE DELI, BAKERY, MEAT AND PRODUCE AREA WITH A BUILD UP OF DUST, DIRT AND DEBRIS. INSTRUCTED TO CLEAN AND MAINTAIN AREA. | 49. NON-FOOD/FOOD CONTACT SURFACES CLEAN - Comments: OBSERVED A BUILD UP OF DIRT AND DEBRIS ON THE FLOORS IN ALL LARGE WALK IN COOLERS AND FREEZERS. INSTRUCTED TO CLEAN AND MAINTAIN | 51. PLUMBING INSTALLED; PROPER BACKFLOW DEVICES - Comments: OBSERVED A MINOR LEAK AT THE 3 COMPARTMENT SINK IN THE MEAT DEPARTMENT. INSTRUCTED TO REPAIR | 55. PHYSICAL FACILITIES INSTALLED, MAINTAINED & CLEAN - Comments: OBSERVED DEBRIS ON FLOORS ALONG WALLS AND CORNERS IN ALL DEPARTMENT AREAS. INSTRUCTED MANAGER TO CLEAN AND MAINTAIN. | 55. PHYSICAL FACILITIES INSTALLED, MAINTAINED & CLEAN - Comments: FLOORS NEED CLEANING IN ALL WALK IN COOLERS AND WALK- IN FREEZERS. MUST CLEAN TO REMOVE DEBRIS.",41.9095051477434,-87.7469599362723,FOOD 4 LESS MIDWEST 567,4821 W NORTH AVE,POINT (-87.7469599362723 41.9095051477434),24.0,AUSTIN,199254203.427,25.0,25.0,75226.4749167,TRUE,,,
Gees Food Market,Pass,TRUE,FALSE,FALSE,5135 W Division St,CHICAGO,IL,60651.0,2018-05-09,,41.9021516892322,-87.754768224512,GEES FOOD MARKET,5135 W DIVISION ST,POINT (-87.754768224512 41.9021516892322),24.0,AUSTIN,199254203.427,25.0,25.0,75226.4749167,TRUE,,,
Gigi'S Quickmart,Pass,TRUE,FALSE,TRUE,5050 W Chicago Ave,CHICAGO,IL,60651.0,2017-10-13,"32. FOOD AND NON-FOOD CONTACT SURFACES PROPERLY DESIGNED, CONSTRUCTED AND MAINTAINED - Comments: ALL RAW WOOD MUST BE SEALED. CORRECT AND MAINTAIN.  | 38. VENTILATION: ROOMS AND EQUIPMENT VENTED AS REQUIRED: PLUMBING: INSTALLED AND MAINTAINED - Comments: LEAK AT 3 COMPARTMENT SINK FAUCET MUST BE REPAIRED. CORRRECT AND MAINTAIN.",41.895058346217,-87.7527809046568,GIGIS QUICKMART,5050 W CHICAGO AVE,POINT (-87.7527809046568 41.895058346217),24.0,AUSTIN,199254203.427,25.0,25.0,75226.4749167,FALSE,,,
"Laramie Market, Inc",Pass,TRUE,FALSE,FALSE,410 S Laramie Ave,CHICAGO,IL,60644.0,2024-07-17,"36. THERMOMETERS PROVIDED & ACCURATE - Comments: 4-204.112(B) OBSERVED MISSING OR BROKEN THERMOMETERS INSIDE OF COOLING UNITS WITH COLD TCS (MIK, DELI MEAT, SOUR CREAM) ON THE PREMISES. INSTRUCTED TO PROVIDE. | 55. PHYSICAL FACILITIES INSTALLED, MAINTAINED & CLEAN - Comments: 6-501.114 OBSERVED OUTSIDE YARD AREA WITH EXCESSIVE AMOUNTS OF STORED EQUIPMENT, TRASH, COUCHES ETC. INSTRUCTED TO REMOVE ALL UNNECESSARY ITEMS AND MAINTAIN PREMISES. | 56. ADEQUATE VENTILATION & LIGHTING; DESIGNATED AREAS USED - Comments: 6-303.11 OBSERVED INADEQUATE LIGHTING IN REAR STORAGE AREA OF FACILITY. INSTRUCTED TO PROVIDE AND MAINTAIN.",41.8744608292114,-87.7549900472031,LARAMIE MARKET INC,410 S LARAMIE AVE,POINT (-87.7549900472031 41.8744608292114),24.0,AUSTIN,199254203.427,25.0,25.0,75226.4749167,FALSE,,,
Lil Sam,Pass,TRUE,FALSE,TRUE,4800 W Fulton St,CHICAGO,IL,60644.0,2020-05-28,"47. FOOD & NON-FOOD CONTACT SURFACES CLEANABLE, PROPERLY DESIGNED, CONSTRUCTED & USED - Comments: OBSERVED MILK CRATES BEING USED AS SHELVING THROUGHOUT ON THE SALES FLOOR WITH BAGS OF POTATOES AND ONIONS. MUST REMOVE AND PROVIDE SHELVING THAT IS 6"" OFF THE FLOOR AND PROVIDES FLOOR ACCESSIBILITY TO ENSURE ADEQUATE FACILITY CLEANING. | 55. PHYSICAL FACILITIES INSTALLED, MAINTAINED & CLEAN - Comments: OBSERVED WATER STAINED CEILING TILES ABOVE THE REACH-IN COOLER UNITS. INSTRUCTED TO REPLACE THE STAINED CEILING TILES. | 56. ADEQUATE VENTILATION & LIGHTING; DESIGNATED AREAS USED - Comments: OBSERVED A BURNED OUT LIGHT-BULB IN THE PRODUCE DISPLAY COLD HOLDING UNIT. INSTRUCTED TO REPLACE BULB AND MAINTAIN LIGHTING IN THE UNIT.   | 57. ALL FOOD EMPLOYEES HAVE FOOD HANDLER TRAINING - Comments: OBSERVED NO FOOD HANDLER CERTIFICATE FOR THE EMPLOYEE ON SITE. INSTRUCTED TO PROVIDE AND MAINTAIN.",41.885851558869500,-87.7455325261781,LIL SAM,4800 W FULTON ST,POINT (-87.7455325261781 41.885851558869504),24.0,AUSTIN,199254203.427,25.0,25.0,75226.4749167,FALSE,,,
Nicholas High Quality Meats Inc,Pass,TRUE,FALSE,TRUE,4619 W Harrison St,CHICAGO,IL,60644.0,2025-03-11,"36. THERMOMETERS PROVIDED & ACCURATE - Comments: NOTED MISSING THERMOMETER INSIDE MEAT DISPLAY COOLER IN PREP. INSRUCTED TO PROVIDE AND MAINTAIN. | 49. NON-FOOD/FOOD CONTACT SURFACES CLEAN - Comments: OBSERVED ALL MEAT COOLING UNITS IN NEED OF CLEANING TO REMOVED DRIED DEBRIS ON INTERIOR AND EXTERIOPR SURFACES OF EQUIPMENT. | 53. TOILET FACILITIES: PROPERLY CONSTRUCTED, SUPPLIED, & CLEANED - Comments: OBSERVED UNISEX TOILET ROOM DOOR NOT SELF CLOSING. INSTRUCTED TO PROVIDE. | 55. PHYSICAL FACILITIES INSTALLED, MAINTAINED & CLEAN - Comments: OBSERVED EXCESSIVE AMOUNTS OF DRIED FOOD DEBRIS AND TRASH BEHIND FREEZER CHEST LOCATED IN REAR PREP AREA AS WELL AS ALONGSIDE WALK IN FREEZER/STORAGE SPACE.",41.873125222131900,-87.7409157773875,NICHOLAS HIGH QUALITY MEATS INC,4619 W HARRISON ST,POINT (-87.7409157773875 41.873125222131904),24.0,AUSTIN,199254203.427,25.0,25.0,75226.4749167,FALSE,,,
Omar Food Market,Pass,TRUE,FALSE,TRUE,5960 W Roosevelt Rd,CHICAGO,IL,60644.0,2024-03-26,"55. PHYSICAL FACILITIES INSTALLED, MAINTAINED & CLEAN - Comments: OBSERVED WATE STAINED, MISSING AND CEILING ATTACHMENTS WITH HOLES IN FRONT GROCERY AREA, REAR PREP AND STORAGE AREA. INSTRUCTED TO REPLACE AND MAINTAIN",41.8655694970386,-87.7740785743664,OMAR FOOD MARKET,5960 W ROOSEVELT RD,POINT (-87.7740785743664 41.8655694970386),24.0,AUSTIN,199254203.427,25.0,25.0,75226.4749167,FALSE,,,
R&M2 Food Mart,Pass,TRUE,FALSE,TRUE,5450 W Harrison St,CHICAGO,IL,60644.0,2025-02-26,"10. ADEQUATE HANDWASHING SINKS PROPERLY SUPPLIED AND ACCESSIBLE - Comments: 6-301.14 OBSERVED HANDSINKS WITHOUT HANDWASHING SIGNAGE. INSTRUCTED TO PROVIDE. | 51. PLUMBING INSTALLED; PROPER BACKFLOW DEVICES - Comments: 5-203.13 OBSERVED MOP SINK INOPERABLE DURING TIME OF INSPECTION. INTRUCTED TO REPAIR. | 55. PHYSICAL FACILITIES INSTALLED, MAINTAINED & CLEAN - Comments: 6-201.13	 OBSERVED BROKEN/ MISSING TILE BASE THROUGHOUT REAR UNUSED PREP AREA/STORAGE AREA THROUGHOUT. INSTRUCTED TO PROVIDE AND MAINTAIN TO PREVENT PEST BREEDING SITES. | 55. PHYSICAL FACILITIES INSTALLED, MAINTAINED & CLEAN - Comments: 6-201.11 OBSERVED FLOORING IN FRONT BEHIND 3 DOOR COOLING UNITS NEAR FRONT DOOR, IN REAR GROCERY AREA UNDERNEATH DISPLAY COOLERS, NOTED DRYWALL IN DISREPAIR ALONG NORTH WALL OF STORE WHERE COOLING UNITS ARE STORED, EXCESSIVE PEELING PAINT AND HOLES IN WALL IN REAR STORAGE AREA THROUGHOUT ABOVE SHELVING RACKS. INSTRUCTED TO PROVIDE SMOOTH AND EASILY CLEANABLE WALLS AND FLOORING THROUGHOUT PREMISE. MUST MAINTAIN. | 55. PHYSICAL FACILITIES INSTALLED, MAINTAINED & CLEAN - Comments: 6-501.114 OBSERVED EXCESSIVE AMOUNTS OF TRASH, UNUSED EQUIPMENT, AND MISCELLANEUS ITEMS STORED IN BACK YARD AREA THROUGHOUT. INSTRUCTED TO REMOVE ALL SAID ITEMS TO PREVENT HIDING SPACES FOR PEST. MUST MAINTAIN PREMISE | 55. PHYSICAL FACILITIES INSTALLED, MAINTAINED & CLEAN - Comments: 6-201.17	 OBSERVED MISSING CEILING TILES THROUGHOUT GROCERY AND REAR PREP. INSTRUCTED TO REPLACE.",41.8729758537878,-87.7614499842626,RM2 FOOD MART,5450 W HARRISON ST,POINT (-87.7614499842626 41.8729758537878),24.0,AUSTIN,199254203.427,25.0,25.0,75226.4749167,FALSE,,,
Safout,Pass,TRUE,FALSE,TRUE,5401 W Augusta Blvd,CHICAGO,IL,60651.0,2025-02-25,"39. CONTAMINATION PREVENTED DURING FOOD PREPARATION, STORAGE & DISPLAY - Comments: OBSERVED CARDBOARDS LINING THE SHELVES IN THE COLD HOLD UNIT CONTAINING DRINKS LIKE SODA POP, WATER AND JUICES. INSTRUCTED TO REMOVE/DISPOSE OF CARDBOARDS. | 55. PHYSICAL FACILITIES INSTALLED, MAINTAINED & CLEAN - Comments: OBSERVED OPENING/HOLE ON THE WALL AT PIPES/VENTS AT THE REAR OF THE FACILITY ABOVE THE FURNACE CLOSET AREA. INSTRUCTED TO SILL/COVER OPENINGS. | 55. PHYSICAL FACILITIES INSTALLED, MAINTAINED & CLEAN - Comments: OBSERVED IMPROPER STORAGE OF MOP IN THE REAR OF THE FACILITY NEAR THE UTILITY SINK. INSTRUCTED TO STORE MOP PROPERLY IN BETWEEN USAGE. | 56. ADEQUATE VENTILATION & LIGHTING; DESIGNATED AREAS USED - Comments: OBSERVED NO LIGHBULB COVERINGS/SHIELDING OVER LIGHTBULBS IN THE EMPLOYEE WASHROOM AND FURNACE CLOSET AREA. INSTRUCTED TO PROVIDE COVERINGS/SHIELDING",41.8984293309892,-87.7609111954894,SAFOUT,5401 W AUGUSTA BLVD,POINT (-87.7609111954894 41.8984293309892),24.0,AUSTIN,199254203.427,25.0,25.0,75226.4749167,FALSE,,,
Sanford Foods,Pass,TRUE,FALSE,TRUE,501 N Laramie Ave,CHICAGO,IL,60644.0,2025-04-29,"49. NON-FOOD/FOOD CONTACT SURFACES CLEAN - Comments: OBSERVED ALL INTERIOR AND EXTERIOR SURFACES OF BEVERAGE COOLER IN GROCERY AND DISPAY COOLER CONTAINING FRESH MEAT IN NEED OF CLEANING. INSTRUCTED TO PROVIDE. | 55. PHYSICAL FACILITIES INSTALLED, MAINTAINED & CLEAN - Comments: INSTRUCTED PERSON IN CHARGE TO ELEVATE ALL BEVERAGES STORED IN REAR PREP AREA. MUST REMOVE ALL CRATES AND ELEVATE OFF FLOORS AT LEAST 6 INCHES AND MAINTAIN. | 55. PHYSICAL FACILITIES INSTALLED, MAINTAINED & CLEAN - Comments: OBSERVED FLOORS LOCATED IN PREP, REAR STORAGE, WALK IN COOLER, IN BETWEEN COOOLING UNITS THROUGHOUT GROCERY IN NEED OF CLEANING. INSTRUCTED TO REMOVE ALL TRASH, DRIED FOOD DEBRIS, AND MAINTAIN.",41.8893452477328,-87.755249556193,SANFORD FOODS,501 N LARAMIE AVE,POINT (-87.755249556193 41.8893452477328),24.0,AUSTIN,199254203.427,25.0,25.0,75226.4749167,TRUE,,,
Shop And Go,Pass,TRUE,FALSE,TRUE,5435 W Madison St,CHICAGO,IL,60644.0,2024-08-30,"36. THERMOMETERS PROVIDED & ACCURATE - Comments: INTRUCTED TO PROVIDE THERMOMETERS FOR COLD-HOLDING EQUIPMENT.  | 53. TOILET FACILITIES: PROPERLY CONSTRUCTED, SUPPLIED, & CLEANED - Comments: OBSERVED TOILET ROOM DOOR NOT SELF-CLOSING. INSTRUCTED TO PROVIDE. | 55. PHYSICAL FACILITIES INSTALLED, MAINTAINED & CLEAN - Comments: OBSERVED BASEBOARD BELOW UTILITY SINK IN REAR STORAGE AREA DETACHED.  NOTED HOLE SURROUNDING PIPING IN SAID AREA. INSTRUCTED TO ENCLOSE.",41.8801810596359,-87.7614692320302,SHOP AND GO,5435 W MADISON ST,POINT (-87.7614692320302 41.8801810596359),24.0,AUSTIN,199254203.427,25.0,25.0,75226.4749167,FALSE,,,
T Jay'S Snack Shop,Pass,TRUE,FALSE,TRUE,5204 W Harrison St,CHICAGO,IL,60644.0,2022-09-28,"38. INSECTS, RODENTS, & ANIMALS NOT PRESENT - Comments: OBSERVED REAR EXIT DOOR SIDES OPEN EXPOSING OUTSIDE ALONG THE SIDES OF THE DOOR. INSTRUCTED TO SEAL ANY OPENINGS AS A MEANS OF PREVENTING POSSIBLE PEST AND OR INSECT ENTERING AND HARBORING.	 | 47. FOOD & NON-FOOD CONTACT SURFACES CLEANABLE, PROPERLY DESIGNED, CONSTRUCTED & USED - Comments: OBSERVED A/C UNIT DRIPPING INSIDE REAR EXIT DOOR AREA CAUSING STANDING WATER. INSTRUCTED TO ADJUST TO ALLOW WATER TO PROPERLY DRAIN OUTSIDE FOR SAFETY REASONS AND TO PREVENT STANDING WATER WHICH WILL POSSIBLY DRAW INSECTS. | 53. TOILET FACILITIES: PROPERLY CONSTRUCTED, SUPPLIED, & CLEANED - Comments: OBSERVED NO SELF CLOSING DEVICE ON TOILET ROOM DOOR. INSTRUCTED TO PROVIDE. | 53. TOILET FACILITIES: PROPERLY CONSTRUCTED, SUPPLIED, & CLEANED - Comments: OBSERVED NO COVERED RECEPTACLE IN TOILET ROOM. INSTRUCTED TO PROVIDE AND MAINTAIN. | 55. PHYSICAL FACILITIES INSTALLED, MAINTAINED & CLEAN - Comments: OBSERVED CEILING TILE IN FRONT OF BEVERAGE COOLER IN NEED OF PROPER ADJUSTMENT OR REPLACEMENT. INSTRUCTED TO REPAIR AND MAINTAIN. | 55. PHYSICAL FACILITIES INSTALLED, MAINTAINED & CLEAN - Comments: OBSERVED ABOUT 1/2 GAP UNDER THE DOOR LEADING TO THE BASEMENT. INSTRUCTED TO PROVIDE AND MAINATIN AS A MEANS OF PREVENTING POSSIBLE PEST AND OR INSECT ENTERING AND HARBORING.",41.8730523608288,-87.7550499371216,T JAYS SNACK SHOP,5204 W HARRISON ST,POINT (-87.7550499371216 41.8730523608288),24.0,AUSTIN,199254203.427,25.0,25.0,75226.4749167,FALSE,,,
The Corner Store Deli,Pass,TRUE,FALSE,TRUE,4900 W Walton St,CHICAGO,IL,60651.0,2019-12-19,"51. PLUMBING INSTALLED; PROPER BACKFLOW DEVICES - Comments: PREMISES HAS NO MOP SINK. INSTRUCTED MANAGER TO INSTALL AND MAINTAIN WITH HOT AND COLD RUNNING WATER. ALSO PROVIDE AND MAINTAIN A BACK FLOW DEVICE. | 52. SEWAGE & WASTE WATER PROPERLY DISPOSED - Comments: INSTRUCTED MANAGER TO PROVIDE AND MAINTAIN A GREASE TRAP FOR THE 3 COMPARTMENT SINK. | 53. TOILET FACILITIES: PROPERLY CONSTRUCTED, SUPPLIED, & CLEANED - Comments: INSTRUCTED MANAGER TO PROVIDE AND MAINTAIN A SELF CLOSING DEVICE ON THE WASH ROOM DOOR.",41.8978327076148,-87.7484443570999,THE CORNER STORE DELI,4900 W WALTON ST,POINT (-87.7484443570999 41.8978327076148),24.0,AUSTIN,199254203.427,25.0,25.0,75226.4749167,FALSE,,,
Walmart #5402,Pass,FALSE,TRUE,TRUE,4650 W North Ave,CHICAGO,IL,60639.0,2024-04-18,"51. PLUMBING INSTALLED; PROPER BACKFLOW DEVICES - Comments: OBSERVED LEAKS UNDER THE 3 COMPARTMENT SINKS IN THE DELI AND PRODUCE AREA. INSTRUCTED TO REPAIR AND MAINTAIN.  | 55. PHYSICAL FACILITIES INSTALLED, MAINTAINED & CLEAN - Comments:  MUST DETAIL CLEAN THE FLOORS IN THE WALK IN COOLERS IN THE PRODUCE, DELI AND BAKERY DEPARTMENT. MUST DETAIL CLEAN UNDER ALL FOOD SHELVES. MUST DETAIL CLEAN THE BACK STORAGE AREAS BEHIND AND UNDER ALL SHELVING.  | 55. PHYSICAL FACILITIES INSTALLED, MAINTAINED & CLEAN - Comments: OBSERVED SOILED MOP HEADS NOT PROPERLY STORED. INSTRUCTED MANAGER TO HANG MOP HEADS TO PREVENT INSECT BREEDING.  | 55. PHYSICAL FACILITIES INSTALLED, MAINTAINED & CLEAN - Comments: OBSERVED DEBRIS ON FLOORS ALONG WALLS AND CORNERS IN UTILITY AND STORAGE AREAS. INSTRUCTED MANAGER TO CLEAN AND MAINTAIN.",41.9097645270328,-87.7433762957063,WALMART 5402,4650 W NORTH AVE,POINT (-87.7433762957063 41.9097645270328),24.0,AUSTIN,199254203.427,25.0,25.0,75226.4749167,,,,
Washington Food Market,Pass,TRUE,FALSE,TRUE,5200 W Washington Blvd,CHICAGO,IL,60644.0,2022-10-05,"49. NON-FOOD/FOOD CONTACT SURFACES CLEAN - Comments: OBSERVED A BUILD UP OF DIRT INSIDE REACH IN COOLERS ON THE BOTTOM OF UNITS.  INSTRUCTED TO CLEAN AND MAINTAIN.  | 51. PLUMBING INSTALLED; PROPER BACKFLOW DEVICES - Comments: OBSERVED LEAK AT THE COLD WATER FAUCET KNOB OF THE THREE COMPARTMENT SINK LOCATED IN THE REAR.  INSTRUCTED TO REPAIR AND MAINTAIN IN GOOD WORKING ORDER.  | 55. PHYSICAL FACILITIES INSTALLED, MAINTAINED & CLEAN - Comments: OBSERVED BROKEN AND CRACKED FLOOR TILE THROUGHOUT FACILITY FROM THE FRONT ENTRANCE TO THE REAR AND THROUGH THE ISLES.  INSTRUCTED TO REPAIR OR REPLACE ALL AS NEEDED AS A MEANS OF MAKING THE FLOOR EASY TO CLEAN AND MAINTAIN.  | 57. ALL FOOD EMPLOYEES HAVE FOOD HANDLER TRAINING - Comments: OBSERVED EMPLOYEE WITHOUT THE FOOD HANDLER CERTIFICATE.  INSTRUCTED TO OBTAIN AND PROVIDE ON SITE AT ALL TIMES.",41.8824768674982,-87.7551950300011,WASHINGTON FOOD MARKET,5200 W WASHINGTON BLVD,POINT (-87.7551950300011 41.8824768674982),24.0,AUSTIN,199254203.427,25.0,25.0,75226.4749167,TRUE,,,
Broklyn Deli Mart,Out Of Business,TRUE,FALSE,TRUE,5429-5431 W Chicago Ave,CHICAGO,IL,60651.0,2024-02-09,,41.8947700567801,-87.7618900268815,BROKLYN DELI MART,54295431 W CHICAGO AVE,POINT (-87.7618900268815 41.8947700567801),24.0,AUSTIN,199254203.427,25.0,25.0,75226.4749167,FALSE,,,
Green Palace Foods,Out Of Business,TRUE,FALSE,FALSE,336-338 N Laramie Ave,CHICAGO,IL,60644.0,2023-11-17,,41.8867629767228,-87.7554370997335,GREEN PALACE FOODS,336338 N LARAMIE AVE,POINT (-87.7554370997335 41.8867629767228),24.0,AUSTIN,199254203.427,25.0,25.0,75226.4749167,,,,
Meme Grocery Store,Out Of Business,TRUE,FALSE,FALSE,5467 W Chicago Ave,CHICAGO,IL,60651.0,2023-05-23,,41.8947589999837,-87.7633222465025,MEME GROCERY STORE,5467 W CHICAGO AVE,POINT (-87.7633222465025 41.8947589999837),24.0,AUSTIN,199254203.427,25.0,25.0,75226.4749167,,,,
"Cicero Quick Stop, Inc",No Entry,TRUE,FALSE,TRUE,10 S Cicero Ave,CHICAGO,IL,60644.0,2018-05-25,"18. NO EVIDENCE OF RODENT OR INSECT OUTER OPENINGS PROTECTED/RODENT PROOFED, A WRITTEN LOG SHALL BE MAINTAINED AVAILABLE TO THE INSPECTORS - Comments: OBSERVED EVIDENCE OF RODENT ACTIVITY AND OUTER OPENINGS NOT RODENT PROOFED. APPROXIMATELY 60 MOUSE DROPPINGS WERE OBSERVED ON THE PET FOOD STORAGE SHELVES AND REAR STORAGE AREA. ALSO, THERE IS A LARGE 6"" GAP IN THE BACK WALL OF THE STORAGE AREA UNDER THE MOP SINK AND A 1/2"" GAP ALONG THE WALLS AROUND THE A/C UNIT. MANAGEMENT INSTRUCTED TO CLEAN AND REMOVE ALL DROPPINGS AND RODENT PROOF THE FACILITY. ADDITIONAL PEST CONTROL SERVICE IS NEEDED TO MINIMIZE OR ELIMINATE THE PEST ACTIVITY. SERIOUS VIOLATION 7-38-020. | 32. FOOD AND NON-FOOD CONTACT SURFACES PROPERLY DESIGNED, CONSTRUCTED AND MAINTAINED - Comments: REMOVE THE CARDBOARD USED TO LINE THE FOOD STORAGE SHELVES. PAINT THE RAW WOOD STORAGE SHELVES IN THE REAR STORAGE ROOM. | 33. FOOD AND NON-FOOD CONTACT EQUIPMENT UTENSILS CLEAN, FREE OF ABRASIVE DETERGENTS - Comments: CLEAN THE DUST AND DEBRIS ON THE SHELVES BEHIND THE FRONT COUNTER. | 34. FLOORS: CONSTRUCTED PER CODE, CLEANED, GOOD REPAIR, COVING INSTALLED, DUST-LESS CLEANING METHODS USED - Comments: CLEAN THE FLOOR THROUGHOUT THE STORE. | 35. WALLS, CEILINGS, ATTACHED EQUIPMENT CONSTRUCTED PER CODE: GOOD REPAIR, SURFACES CLEAN AND DUST-LESS CLEANING METHODS - Comments: REPAIR THE WALLS AND CEILING DRYWALL AND OPENINGS IN THE REAR STORAGE ROOM. | 38. VENTILATION: ROOMS AND EQUIPMENT VENTED AS REQUIRED: PLUMBING: INSTALLED AND MAINTAINED - Comments: NO VENTILATION FAN PROVIDED IN THE WASHROOM. MUST INSTALL. | 41. PREMISES MAINTAINED FREE OF LITTER, UNNECESSARY ARTICLES, CLEANING  EQUIPMENT PROPERLY STORED - Comments: REMOVE PLASTIC CRATES, LITTER AND OTHER ITEMS FROM THE REAR OUTSIDE OF THE STORE.",41.8801463617512,-87.7454125988828,CICERO QUICK STOP INC,10 S CICERO AVE,POINT (-87.7454125988828 41.8801463617512),24.0,AUSTIN,199254203.427,25.0,25.0,75226.4749167,FALSE,,,