DBA Name,Inspection Date,Results,IS_JUNK_STORE,IS_REAL_GROCERY,HAS_PRODUCE_FLAG,Address,City,State,Zip,Violations,Latitude,Longitude,DBA_NAME_CLEAN,ADDRESS_CLEAN,geometry,index_right,Community,shape_area,area_num_1,AreaNumber,shape_len,IS_REVIEWED_REAL,REVIEW_NOTES,Action,Notes
Armitage Produce,-,-,FALSE,TRUE,TRUE,3334 W Armitage Ave,CHICAGO,IL,60647.0,-,41.9173610000000,-87.7108350000000,ARMITAGE PRODUCE,3334 W ARMITAGE AVE,POINT (-87.7860543685636 41.9375646501552),18.0,BELMONT CRAGIN,109099414.689,19.0,19.0,43311.707379,,,,
Al Bayan Grocery Inc.,2023-10-23,Pass W/ Conditions,FALSE,TRUE,TRUE,3134 N Narragansett Ave,CHICAGO,IL,60634.0,"10. ADEQUATE HANDWASHING SINKS PROPERLY SUPPLIED AND ACCESSIBLE - Comments: OBSERVED NO SOAP AT HAND WASHING SINKS LOCATED AT MEAT PREP AND DISH WASHING AREA. MUST PROVIDE AT ALL TIMES. PRIORITY FOUNDATION VIOLATION. 7-38-030(C). EMPLOYEE REPLENISHED WITH SOAP DURING INSPECTION. | 10. ADEQUATE HANDWASHING SINKS PROPERLY SUPPLIED AND ACCESSIBLE - Comments: OBSERVED NO PAPER TOWELS AT HAND WASHING SINK LOCATED AT DISH WASHING AREA AND IN TOILET ROOM. MUST PROVIDE AT ALL TIMES. PRIORITY FOUNDATION VIOLATION. 7-38-030(C). SEEA ABOVE FOR CITATION. EMPLOYEE PROVIDED PAPER TOWELS DURING INSPECTION. | 10. ADEQUATE HANDWASHING SINKS PROPERLY SUPPLIED AND ACCESSIBLE - Comments: OBSERVED HAND WASHING SINK INACCESSIBLE AT DISH WASHING AREA METAL PANS AND UTENSILS STORED INSIDE OF HAND WASHING SINK. HAND WASHING SINK MUST BE ACCESSIBLE AT ALL TIMES FOR EMPLOYEES TO WASH HANDS. PRIORITY FOUNDATION VIOLATION. 7-38-030(C). SEE ABOVE FOR CITATION. EMPLOYEE REMOVED ITEMS FROM HAND SINK DURING INSPECTION. | 37. FOOD PROPERLY LABELED; ORIGINAL CONTAINER - Comments: OBSERVED PACKAGED FROZEN RICE FOR CUSTOMER SELF SERVICE WITHOUT A LABEL. INSTRUCTED TO PROVIDE LABEL WITH NAME OF FOOD, BUSINESS NAME AND ADDRESS, NET QUANTITY.  | 39. CONTAMINATION PREVENTED DURING FOOD PREPARATION, STORAGE & DISPLAY - Comments: MUST INSTALL DURABLE SPLASH GUARD AT HAND WASHING SINK LOCATED AT MEAT PREP AND DISH WASHING AREA. HAND SINK IN MEAT PREP IS LOCATED DIRECTLY NEXT TO PREP TABLE AND HAND SINK AT DISH WASHING AREA IS LOCATED DIRECTLY NEXT TO WHERE CLEAN UTENSILS AND EQUIPMENT ARE AIR DRYING. | 47. FOOD & NON-FOOD CONTACT SURFACES CLEANABLE, PROPERLY DESIGNED, CONSTRUCTED & USED - Comments: OBSERVED CUTTING BOARD IN MEAT PREP AREA WITH DARK STAINS. MUST CLEAN AND MAINTAIN.",41.9375646501552,-87.7860543685636,AL BAYAN GROCERY INC,3134 N NARRAGANSETT AVE,POINT (-87.7860543685636 41.9375646501552),18.0,BELMONT CRAGIN,109099414.689,19.0,19.0,43311.707379,,,,
Carnitas Y Supermercado El Gigante Inc,2024-07-22,Pass W/ Conditions,FALSE,TRUE,TRUE,2500 N Laramie Ave,CHICAGO,IL,60639.0,"23. PROPER DATE MARKING AND DISPOSITION - Comments: FOUND READY TO EAT TCS FOODS IN WALK-IN NOT DATE MARKED SUCH AS COOKED BEEF, COOKED BEANS AND COOKED CHICKEN. INSTRUCTED THE PERSON IN CHARGE THAT ALL READY TO EAT TCS FOODS HELD FOR 24 HOURS MUST BE PROPERLY DATE MARKED WITH THE DATE THE FOOD WILL BE SOLD, DISCARDED OR CONSUMED. PRIORITY FOUNDATION  7-38-005. | 37. FOOD PROPERLY LABELED; ORIGINAL CONTAINER - Comments: OBSERVED BAKING SODA OUT OF THE ORIGINAL CONTAINER WITHOUT LABELS CONTAINING THE PRODUCT NAME. INSTRUCTED TO LABEL ALL FOODS AND SPICES WITH COMMON NAME THAT ARE OUT OF THE ORIGINAL CONTAINERS.  | 47. FOOD & NON-FOOD CONTACT SURFACES CLEANABLE, PROPERLY DESIGNED, CONSTRUCTED & USED - Comments: OBSERVED CUTTING BOARD WITH DARK STAINS AT MEAT PREP AREA. INSTRUCTED TO CLEAN AND MAINTAIN OR REPLACE.  | 47. FOOD & NON-FOOD CONTACT SURFACES CLEANABLE, PROPERLY DESIGNED, CONSTRUCTED & USED - Comments: OBSERVED CARDBOARD USED AS LINER ON FLOOR IN PREP AREA. INSTRUCTED MANAGER TO REMOVE ALL CARDBOARD FROM SHELVING UNITS. ALL FOOD AND NON-FOOD CONTACT SURFACES MUST BE SMOOTH AND EASILY CLEANABLE.  | 48. WAREWASHING FACILITIES: INSTALLED, MAINTAINED & USED; TEST STRIPS - Comments: OBSERVED TWO OF THE 3 COMPARTMENT SINKS LOCATED BY THE DISH WASHING AREA AND THE HOT PREP WITHOUT HOT WATER, HOT WATER TEMPERATURE AT THE TIME OF THE INSPECTION WAS 100-105F. INSTRUCTED TO REPAIR SO THAT SAID 3 COMPARTMENT SINK HAS ADEQUATE HOT WATER (AT LEAST 110F) AT ALL TIMES. INSTRUCTED FACILITY MAY NOT USE SAID 3 COMPARTMENT SINK AND MUST UTILIZE THE OTHER TWO ADEQUATE 3 COMPARTMENT SINKS. 3 COMPARMTENT WAS ABLE TO REACH 110-115F WHILE TYPING MY REPORT. PRIORITY VIOLATION. CITATION ISSUED 7-38-025.  | 49. NON-FOOD/FOOD CONTACT SURFACES CLEAN - Comments: OBSERVED ACCUMULATED GREASE AND FOOD DEBRIS ON INTERIOR AND EXTERIOR SURFACES OF COOKING EQUIPMENT, PREP TABLES, COOLERS, FREEZERS, SHELVING UNITS. INSTRUCTED MANAGER TO CLEAN AND MAINTAIN.  | 55. PHYSICAL FACILITIES INSTALLED, MAINTAINED & CLEAN - Comments:  FOUND HEAVY DIRT AND GREASE BUILD UP ON THE WALLS AND FLOORS INSIDE THE CARNITAS PREP ROOM, AS WELL AS NEAR THE WALK-IN COOLER. INSTRUCTED MANAGEMENT TO DETAIL CLEAN FLOORS (NEAR WALL BASE), AS WELL AS DETAIL CLEAN WALLS TO REMOVE GREASE STAINS.  | 56. ADEQUATE VENTILATION & LIGHTING; DESIGNATED AREAS USED - Comments: OBSERVED VENTS IN THE WALK-IN COOLER WITH BUILT UP DUST. INSTRUCTED TO CLEAN AND MAINTAIN.",41.9260064268607,-87.7563629820315,CARNITAS Y SUPERMERCADO EL GIGANTE INC,2500 N LARAMIE AVE,POINT (-87.7563629820315 41.9260064268607),18.0,BELMONT CRAGIN,109099414.689,19.0,19.0,43311.707379,,,,
Fresh Market Place #3,2024-05-23,Pass W/ Conditions,FALSE,TRUE,TRUE,5020-5028 W Fullerton Ave,CHICAGO,IL,60639.0,"2. CITY OF CHICAGO FOOD SERVICE SANITATION CERTIFICATE - Comments: OBSERVED NO CERTIFIED MANAGER FROM 8:15AM TO 9:20AM WHILE TCS FOODS SUCH AS CHICKEN, PORK, BEEF WERE PREPARED. AT 9:20AM CERTIFIED MANAGER FREDDY CALDERON ARRIVED ON SITE. INSTRUCTED TO MAINTAIN EMPLOYEE HOLDING CITY OF CHICAGO FOODSERVICE MANAGER CERTIFICATE ON SITE AT ALL TIMES. PRIORITY FOUNDATION VIOLATION 7-38-012. CITATION ISSUED. | 22. PROPER COLD HOLDING TEMPERATURES - Comments: OBSERVED TCS FOODS HELD AT IMPROPER INTERNAL TEMPERATURES IN THE FRONT PREP COLD HOLDING UNIT, SUCH AS 10LBS OF BEEF AT 49.7F. MANAGER DISCARDED AND DENATURED A TOTAL 9LBS AT $95. ALL COLD TCS FOOD MUST MAINTAIN 41F OR BELOW . PRIORITY VIOLATION. CITATION ISSUED 7-38-005.  | 47. FOOD & NON-FOOD CONTACT SURFACES CLEANABLE, PROPERLY DESIGNED, CONSTRUCTED & USED - Comments: OBSERVED THE INSIDE OF THE DEEP FRYER OIL FILTERING UNIT WITH A BUILD UP OF GREASE AND FOOD DEBRIS. INSTRUCTED TO CLEAN AND MAINTAIN ALL | 47. FOOD & NON-FOOD CONTACT SURFACES CLEANABLE, PROPERLY DESIGNED, CONSTRUCTED & USED - Comments: OBSERVED CARDBOARD USED AS LINER ON FLOOR IN THE EMPLOYEE WASHROOM IN BASEMENT. INSTRUCTED MANAGER TO REMOVE ALL CARDBOARD FROM SHELVING UNITS. ALL FOOD AND NON-FOOD CONTACT SURFACES MUST BE SMOOTH AND EASILY CLEANABLE. | 47. FOOD & NON-FOOD CONTACT SURFACES CLEANABLE, PROPERLY DESIGNED, CONSTRUCTED & USED - Comments: OBSERVED CUTTING BOARD BY HOT HOLDING TABLES WITH DARK STAINS AND DEEP GROOVES. MUST DETAIL CLEAN AND MAINTAIN. | 49. NON-FOOD/FOOD CONTACT SURFACES CLEAN - Comments:  OBSERVED ACCUMULATED GREASE AND FOOD DEBRIS ON INTERIOR AND EXTERIOR SURFACES OF COOKING EQUIPMENT, PREP TABLES, COOLERS, FREEZERS, SHELVING UNITS. INSTRUCTED MANAGER TO CLEAN AND MAINTAIN. | 55. PHYSICAL FACILITIES INSTALLED, MAINTAINED & CLEAN - Comments: OBSERVED A HEAVY ACCUMULATION OF DIRT, DUST, GREASE, FOOD SPLATTER AND FOOD DEBRIS ON THE WALLS AND FLOORS ESPECIALLY ALONG THE HOT FOOD SERVICE LINE UNDER AND AROUND THE COOKING EQUIPMENT AND NON COOKING EQUIPMENT. INSTRUCTED TO CLEAN AND MAINTAIN ALL AREAS. | 56. ADEQUATE VENTILATION & LIGHTING; DESIGNATED AREAS USED - Comments: OBSERVED ONE BURNT OUT LIGHT BULB AT THE POZELE AREA. INSTRUCTED TO REPLACED.",41.9242727135855,-87.7521150376578,FRESH MARKET PLACE 3,50205028 W FULLERTON AVE,POINT (-87.7521150376578 41.9242727135855),18.0,BELMONT CRAGIN,109099414.689,19.0,19.0,43311.707379,,,,
Grand Food Market,2024-05-31,Pass W/ Conditions,TRUE,FALSE,TRUE,5202 W Grand Ave,CHICAGO,IL,60639.0,"10. ADEQUATE HANDWASHING SINKS PROPERLY SUPPLIED AND ACCESSIBLE - Comments: OBSERVED NO PAPER TOWELS AT EXPOSED HAND WASHING SINK IN DISHWASHING AREA IN REAR AREA. INSTRUCTED TO MAINTAIN PAPER TOWELS AT ALL EXPOSED HAND WASHING SINKS AT ALL TIMES. PRIORITY FOUNDATION VIOLATION 7-38-030(C). CITATION ISSUED | 23. PROPER DATE MARKING AND DISPOSITION - Comments: FOUND READY TO EAT TCS FOODS IN REFRIGERATOR NOT DATE MARKED SUCH AS COOKED BEANS, BEEF AND GRILLED CHICKEN. INSTRUCTED THE PERSON IN CHARGE THAT ALL READY TO EAT TCS FOODS HELD FOR 24 HOURS MUST BE PROPERLY DATE MARKED WITH THE DATE THE FOOD WILL BE SOLD, DISCARDED OR CONSUMED. PRIORITY FOUNDATION  7-38-005.  | 47. FOOD & NON-FOOD CONTACT SURFACES CLEANABLE, PROPERLY DESIGNED, CONSTRUCTED & USED - Comments: OBSERVED THE CUTTING BOARD BEHIND THE MEAT COUNTER HEAVILY STAINED AND SCORED WITH DEBRIS. MANAGEMENT INSTRUCTED TO RESURFACE OR REPLACE THE CUTTING BOARD. | 47. FOOD & NON-FOOD CONTACT SURFACES CLEANABLE, PROPERLY DESIGNED, CONSTRUCTED & USED - Comments: OBSERVED CARDBOARD USED AS LINER ON SHELVING UNITS AND FLOORS IN PREP AND STORAGE AREAS. INSTRUCTED MANAGER TO REMOVE ALL CARDBOARD FROM SHELVING UNITS. ALL FOOD AND NON-FOOD CONTACT SURFACES MUST BE SMOOTH AND EASILY CLEANABLE.  | 49. NON-FOOD/FOOD CONTACT SURFACES CLEAN - Comments: OBSERVED DIRT AND DEBRIS IN THE INTERIOR CONTACT SURFACES OF ALL REFRIGERATION UNITS. MUST CLEAN AND MAINTAIN. | 49. NON-FOOD/FOOD CONTACT SURFACES CLEAN - Comments: FOUND HEAVY ICE BUILD UP INSIDE THE REAR STORAGE AREA CHEST FREEZER. INSTRUCTED TO DEFROST, REMOVE ICE, AND CLEAN. OBSERVED A HEAVY ACCUMULATION OF GREASE ON THE EQUIPMENT AND ON THE SHELF DIRECTLY UNDERNEATH THE FLAT TOP GRILL IN THE COOKS LINE AREA. OBSERVED OLD MEAT RESIDUE AND DEBRIS ON THE STORAGE SHELVES IN THE MEAT DEPARTMENT. INSTRUCTED MANAGEMENT TO DETAIL CLEAN SAID AREAS AND MAINTAIN. | 55. PHYSICAL FACILITIES INSTALLED, MAINTAINED & CLEAN - Comments: CLEAN THE WALLS AND BASEBOARD AROUND THE 3 COMPARTMENT SINK IN THE REAR PREP/STORAGE AREA. CLEAN THE FLOOR OF THE WALK-IN FREEZER. CLEAN THE FLOOR UNDERNEATH THE COOKING EQUIPMENT IN THE TAQUERIA PREP AREA. CLEAN THE FLOOR BENEATH ALL OF THE RETAIL STORAGE SHELVES. | 55. PHYSICAL FACILITIES INSTALLED, MAINTAINED & CLEAN - Comments: OBSERVED DIRT, GREASE, AND FOOD DEBRIS ON FLOORS THROUGHOUT THE RESTAURANT PREP AREA, THE MEAT DEPARTMENT, INSIDE THE GLASS DOOR WALK-IN COOLER, AND IN THE REAR DISH AREA AND STORAGE AREAS. INSTRUCTED MANAGEMENT TO DETAIL CLEAN SAID AREAS AND MAINTAIN.  | 55. PHYSICAL FACILITIES INSTALLED, MAINTAINED & CLEAN - Comments: OBSERVED SOILED MOP HEADS NOT PROPERLY STORED. INSTRUCTED MANAGER TO HANG MOP HEADS TO PREVENT INSECT BREEDING.  | 56. ADEQUATE VENTILATION & LIGHTING; DESIGNATED AREAS USED - Comments: CLEAN THE GREASE ON THE VENTILATION HOOD ABOVE THE COOKING EQUIPMENT IN THE TAQUERIA PREP AREA.",41.9170677464935,-87.7560413324099,GRAND FOOD MARKET,5202 W GRAND AVE,POINT (-87.7560413324099 41.9170677464935),18.0,BELMONT CRAGIN,109099414.689,19.0,19.0,43311.707379,,,,
J & A Oriental Food Mart,2024-06-06,Pass W/ Conditions,TRUE,FALSE,TRUE,5755 W Fullerton Ave,CHICAGO,IL,60639.0,"21. PROPER HOT HOLDING TEMPERATURES - Comments: OBSERVED COOKED PORK 97.3F-117.6F, COOKED CHICKEN 105.3F-112.3F AND COOKED VEGETABLES 86.4F-100.4F STORED AT IMPROPER TEMPERATURE IN HOT HOLDING UNIT. ALL HOT TCS FOOD MUST MAINTAIN 135F OR ABOVE DURING STORAGE, PREPARATION, DISPLAY AND SERVICE. PRIORITY VIOLATION. CITATION ISSUED 7-38-005  | 23. PROPER DATE MARKING AND DISPOSITION - Comments: FOUND READY TO EAT TCS FOODS IN REFRIGERATOR AND 2 DOOR COOLERS NOT DATE MARKED. INSTRUCTED THE PERSON IN CHARGE THAT ALL READY TO EAT TCS FOODS HELD FOR 24 HOURS MUST BE PROPERLY DATE MARKED WITH THE DATE THE FOOD WILL BE SOLD, DISCARDED OR CONSUMED. PRIORITY FOUNDATION  7-38-005. | 37. FOOD PROPERLY LABELED; ORIGINAL CONTAINER - Comments: OBSERVED ITEMS OUT OF THE ORIGINAL CONTAINERS WITHOUT LABELS CONTAINING THE PRODUCT NAME. INSTRUCTED TO LABEL ALL FOODS AND SPICES WITH COMMON NAME THAT ARE OUT OF THE ORIGINAL CONTAINERS.  | 47. FOOD & NON-FOOD CONTACT SURFACES CLEANABLE, PROPERLY DESIGNED, CONSTRUCTED & USED - Comments: NOTED ASSORTED FOOD ITEMS INSIDE COOLERS AND REFRIGERATION UNITS WITH FOOD STORED INSIDE PLASTIC GROCERY BAGS. INSTRUCTED TO PROPERLY STORE ALL FOOD ITEMS INSIDE APPROVED FOOD GRADE CONTAINERS  | 47. FOOD & NON-FOOD CONTACT SURFACES CLEANABLE, PROPERLY DESIGNED, CONSTRUCTED & USED - Comments: MUST NOT USE TAPE AS A MEANS OF REPAIR ON  2 DOOR COOLER . THE SURFACE MUST BE SMOOTH AND CLEANABLE | 49. NON-FOOD/FOOD CONTACT SURFACES CLEAN - Comments: DETAIL CLEAN THE INTERIOR AND EXTERIOR OF THE CHEST FREEZERS, STOVE, DEEP FRYER, STORAGE SHELVES, GREASE TRAP, GRILLS, PREP TABLES AND WOK STATIONS.  | 55. PHYSICAL FACILITIES INSTALLED, MAINTAINED & CLEAN - Comments: OBSERVED SOILED MOP HEADS NOT PROPERLY STORED. INSTRUCTED MANAGER TO HANG MOP HEADS TO PREVENT INSECT BREEDING.  | 58. ALLERGEN TRAINING AS REQUIRED - Comments: OBSERVED NO ALLERGEN TRAINING ON SITE AT TIME OF INSPECTION. INSTRUCTED ALL EMPLOYEES HOLDING CITY OF CHICAGO FOODSERVICE MANAGER CERTIFICATES MUST COMPLETE ALLERGEN TRAINING AND MAINTAIN RECORDS THEREOF ON SITE AT ALL TIMES.",41.9237993545322,-87.7706332364429,J A ORIENTAL FOOD MART,5755 W FULLERTON AVE,POINT (-87.7706332364429 41.9237993545322),18.0,BELMONT CRAGIN,109099414.689,19.0,19.0,43311.707379,,,,
Los Sauces Grocery,2024-07-15,Pass W/ Conditions,TRUE,TRUE,TRUE,5852 W Diversey Ave,CHICAGO,IL,60639.0,"22. PROPER COLD HOLDING TEMPERATURES - Comments: OBSERVED TCS FOODS HELD AT IMPROPER INTERNAL TEMPERATURES IN THE FRONT PREP COLD HOLDING UNIT, SUCH AS 15LBS OF BEEF AT 47.4FRANGING FROM 51.F-56F. MANAGER DISCARDED AND DENATURED A TOTAL 9LBS AT $100. ALL COLD TCS FOOD MUST MAINTAIN 41F OR BELOW . PRIORITY VIOLATION. CITATION ISSUED 7-38-005.  | 41. WIPING CLOTHS: PROPERLY USED & STORED - Comments: OBSERVED SOILED WIPING CLOTHS STORED ON PREP TABLES. INSTRUCTED MANAGER TO STORE IN SANITIZING SOLUTION BETWEEN USES.  | 47. FOOD & NON-FOOD CONTACT SURFACES CLEANABLE, PROPERLY DESIGNED, CONSTRUCTED & USED - Comments: NOTED SOME USE OF MILK CRATES FOR ELEVATION AT THE KITCHEN AREA, DISHWASHING AREA, AND DRY STORAGE AREA. INSTRUCTED NOT TO USE MILK CRATES FOR ELEVATION TO PREVENT HIDING PLACES FOR PEST. MUST PROVIDE APPROPRIATE SHELVING FOR STORAGE. ALL FOOD ITEMS MUST ALSO BE STORED 6"" AWAY FROM THE WALL  | 47. FOOD & NON-FOOD CONTACT SURFACES CLEANABLE, PROPERLY DESIGNED, CONSTRUCTED & USED - Comments: OBSERVED CUTTING BOARD IN MEAT AREA COVERED WITH DEEP GROOVES AND DARK STAINS. INSTRUCTED TO REPAIR OR REPLACE AND MAINTAIN SMOOTH, CLEANABLE SURFACES.  | 49. NON-FOOD/FOOD CONTACT SURFACES CLEAN - Comments: OBSERVED ACCUMULATED GREASE AND FOOD DEBRIS ON INTERIOR AND EXTERIOR SURFACES OF COOKING EQUIPMENT, PREP TABLES, COOLERS, FREEZERS, SHELVING UNITS. INSTRUCTED MANAGER TO CLEAN AND MAINTAIN.  | 55. PHYSICAL FACILITIES INSTALLED, MAINTAINED & CLEAN - Comments: OBSERVED SOILED MOP HEADS NOT PROPERLY STORED. INSTRUCTED MANAGER TO HANG MOP HEADS TO PREVENT INSECT BREEDING.  | 58. ALLERGEN TRAINING AS REQUIRED - Comments: OBSERVED  FOOD SERVICE SANITATION MANAGER WITHOUT FOOD  ALLERGEN TRAINING CERTIFICATE. INSTRUCTED TO MEET REQUIREMENT.",41.931288200148,-87.7732414532542,LOS SAUCES GROCERY,5852 W DIVERSEY AVE,POINT (-87.7732414532542 41.931288200148),18.0,BELMONT CRAGIN,109099414.689,19.0,19.0,43311.707379,,,,
"Morelia Supermarket #2, Inc.",2024-06-05,Pass W/ Conditions,FALSE,TRUE,TRUE,4833 W Diversey Ave,CHICAGO,IL,60639.0,"10. ADEQUATE HANDWASHING SINKS PROPERLY SUPPLIED AND ACCESSIBLE - Comments: OBSERVED EXPOSED HAND WASHING SINK IN HOT FOOD PREP ROOM RENDERED INACCESSIBLE BY CILANTROS BEING PLACED INSIDE IT. INSTRUCTED TO MAINTAIN ALL EXPOSED HAND WASHING SINKS OPEN AND ACCESSIBLE FOR HAND WASHING. PRIORITY FOUNDATION VIOLATION 7-38-030(C). CITATION ISSUED.  | 37. FOOD PROPERLY LABELED; ORIGINAL CONTAINER - Comments: OBSERVED LARGE STORAGE BINS OF RICE TO NOT BE LABELED IN THE BASEMENT DRY STORAGE AREA. INSTRUCTED MANAGER TO LABEL ALL DRY STORAGE BINS WITH NAME OF CONTENTS.  | 39. CONTAMINATION PREVENTED DURING FOOD PREPARATION, STORAGE & DISPLAY - Comments: OBSERVED FOOD STORAGE CONTAINERS STORED ON THE FLOOR IN THE WALK IN PRODUCE COOLER IN BASEMENT. INSTRUCTED MANAGER THAT ALL ITEMS MUST BE STORED AT LEAST 6 INCHES FROM THE FLOOR | 41. WIPING CLOTHS: PROPERLY USED & STORED - Comments: OBSERVED WET WIPING CLOTHS STORED ON TOP OF PREP TABLES IN THE MEAT PREPARATION AREA AND BAKERY AREA. INSTRUCTED MANAGER TO KEEP CLOTHS IN SANITIZING SOLUTION WHEN NOT IN USE. | 49. NON-FOOD/FOOD CONTACT SURFACES CLEAN - Comments: OBSERVED HEAVY DUST ACCUMULATION ON THE VENT COVERS IN THE MEAT GRINDING ROOM, PRODUCE WALK IN COOLER, BAKERY WALK IN COOLER, AND THE BEEF WALK IN COOLER. INSTRUCTED MANAGER TO CLEAN AND MAINTAIN VENT COVERS FREE OF DUST ACCUMULATION. | 51. PLUMBING INSTALLED; PROPER BACKFLOW DEVICES - Comments: OBSERVED MINOR LEAK AT THE 3 COMPARTMENT SINK IN THE FRUIT PREP ROOM ON BASEMENT. INSTRUCTED TO REPAIR AND MAINTAIN | 54. GARBAGE & REFUSE PROPERLY DISPOSED; FACILITIES MAINTAINED - Comments: OBSERVED THE DUMPSTER ARE NOT MAINTAINED. INSTRUCTED TO CLEAN AND MAINTAINED. | 55. PHYSICAL FACILITIES INSTALLED, MAINTAINED & CLEAN - Comments: OBSERVED HEAVY FOOD DEBRIS BUILD UP AND SPILLAGE PRESENT ON THE FLOOR IN THE WALK IN FISH AND SHRIMP COOLER AND UNDER THE PRODUCE SHELVES DIRECTLY ACROSS THE FISH AND SHRIMP COOLER. INSTRUCTED MANAGER TO CLEAN, SANITIZE, AND MAINTAIN AREA FREE OF HEAVY FOOD DEBRIS BUILD UP AND SPILLAGE ON THE FLOOR | 56. ADEQUATE VENTILATION & LIGHTING; DESIGNATED AREAS USED - Comments: OBSERVED MULTIPLE LIGHT FIXTURES IN THE EXHAUST HOOD TO NOT BE TURNING ON OR MISSING AT TIME OF INSPECTION. INSTRUCTED MANAGER TO REPAIR OR REPLACE LIGHTS THAT ARE NOT WORKING TO PROVIDE ADEQUATE LIGHT FOR FACILITY AREA.  | 56. ADEQUATE VENTILATION & LIGHTING; DESIGNATED AREAS USED - Comments: OBSERVED LIGHT FIXTURE IN CEILING TO NOT BE WORKING IN THE WALK IN DAIRY COOLER AT TIME OF INSPECTION. INSTRUCTED MANAGER TO REPAIR OR REPLACE LIGHT FIXTURES TO PROVIDE ADEQUATE LIGHTING IN AREA.",41.9314062910465,-87.7479369735161,MORELIA SUPERMARKET 2 INC,4833 W DIVERSEY AVE,POINT (-87.7479369735161 41.9314062910465),18.0,BELMONT CRAGIN,109099414.689,19.0,19.0,43311.707379,,,,
"Tony'S Finer Foods Enterprises, Inc.",2024-06-21,Pass W/ Conditions,FALSE,TRUE,TRUE,2500 N Central Ave,CHICAGO,IL,60639.0,"22. PROPER COLD HOLDING TEMPERATURES - Comments: OBSERVED TCS FOODS HELD AT IMPROPER INTERNAL TEMPERATURES IN THE MEAT PREP COLD HOLDING UNIT, SUCH AS 5LBS OF SALMON AT 47.2F-48.1F, 10LBS OF GROUND BEEF AT 46.8F-47.1F AND 20LBS OF CHICKEN AT 46.9F-49.3F. ALL COLD TCS FOOD MUST MAINTAIN 41F OR BELOW . PRIORITY VIOLATION. CITATION ISSUED 7-38-005.  | 47. FOOD & NON-FOOD CONTACT SURFACES CLEANABLE, PROPERLY DESIGNED, CONSTRUCTED & USED - Comments: OBSERVED CUTTING BOARDS WITH DEEP BLACK GROOVES AND SCRATCH MARKS IN THE MEAT AREA. MUST REPLACE OR RESURFACE. | 47. FOOD & NON-FOOD CONTACT SURFACES CLEANABLE, PROPERLY DESIGNED, CONSTRUCTED & USED - Comments: OBSERVED THE MEAT GRINDER IN THE REAR FOOD PREP AREA WITH A BUILD UP OF FOOD DEBRIS. INSTRUCTED TO CLEAN AND MAINTAIN.  | 49. NON-FOOD/FOOD CONTACT SURFACES CLEAN - Comments: OBSERVED ACCUMULATED GREASE AND FOOD DEBRIS ON INTERIOR AND EXTERIOR SURFACES OF COOKING EQUIPMENT, PREP TABLES, COOLERS, FREEZERS, SHELVING UNITS. INSTRUCTED MANAGER TO CLEAN AND MAINTAIN. | 51. PLUMBING INSTALLED; PROPER BACKFLOW DEVICES - Comments: OBSERVED MINOR LEAK AT THE 3 COMPARTMENT IN THE MEAT DEPARTMENT. INSTRUCTED TO REPAIR AND MAINTAIN | 55. PHYSICAL FACILITIES INSTALLED, MAINTAINED & CLEAN - Comments: OBSERVED DEBRIS ON FLOORS ALONG WALLS AND CORNERS IN UTILITY AND STORAGE AREAS. INSTRUCTED MANAGER TO CLEAN AND MAINTAIN.",41.9258928802134,-87.766204825838,TONYS FINER FOODS ENTERPRISES INC,2500 N CENTRAL AVE,POINT (-87.766204825838 41.9258928802134),18.0,BELMONT CRAGIN,109099414.689,19.0,19.0,43311.707379,,,,
Walmart #5617,2025-04-03,Pass W/ Conditions,FALSE,TRUE,FALSE,4626 W Diversey Ave,CHICAGO,IL,60639.0,"2. CITY OF CHICAGO FOOD SERVICE SANITATION CERTIFICATE - Comments: NO PERSON ON SITE WITH AN ORIGINAL CITY OF CHICAGO FOOD SANITATION CERTIFICATE POSTED ON SITE. INSTRUCTED TO HAVE A PERSON ON SITE WITH AN ORIGINAL CITY OF CHICAGO FOOD SANITATION CERTIFICATE POSTED ON SITE AT ALL TIMES. PRIORITY FOUNDATION VIOLATION. 7-38-012. CITATION ISSUED. | 49. NON-FOOD/FOOD CONTACT SURFACES CLEAN - Comments: OBSERVED FOOD DEBRIS ON INTERIOR AND EXTERIOR SURFACES OF COOLERS, FREEZERS. INSTRUCTED MANAGER TO CLEAN AND MAINTAIN. | 55. PHYSICAL FACILITIES INSTALLED, MAINTAINED & CLEAN - Comments: OBSERVED DEBRIS ON FLOORS ALONG WALLS AND CORNERS THROUGHOUT FACILITY. INSTRUCTED MANAGER TO CLEAN AND MAINTAIN.",41.931688919351,-87.7430169468309,WALMART 5617,4626 W DIVERSEY AVE,POINT (-87.7430169468309 41.931688919351),18.0,BELMONT CRAGIN,109099414.689,19.0,19.0,43311.707379,,,,
Aldi,2017-09-14,Pass,TRUE,FALSE,FALSE,4627 W Diversey Ave,CHICAGO,IL,60639.0,,41.931469437179300,-87.7430106320082,ALDI,4627 W DIVERSEY AVE,POINT (-87.7430106320082 41.931469437179295),18.0,BELMONT CRAGIN,109099414.689,19.0,19.0,43311.707379,,,,
Aldi Foods Store #90B,2020-06-15,Pass,FALSE,TRUE,TRUE,2828 N Central Ave,CHICAGO,IL,60634.0,"10. ADEQUATE HANDWASHING SINKS PROPERLY SUPPLIED AND ACCESSIBLE - Comments: INSTRUCTED TO PROVIDE HAND WASHING SIGNAGE AT HAND SINK INSIDE EMPLOYEE BREAK ROOM. | 47. FOOD & NON-FOOD CONTACT SURFACES CLEANABLE, PROPERLY DESIGNED, CONSTRUCTED & USED - Comments: INSTRUCTED TO CLEAN AND MAINTAIN INTERIOR SURFACES OF MICROWAVE OVEN INSIDE EMPLOYEE BREAK ROOM TO PREVENT PEST HARBORAGE. | 49. NON-FOOD/FOOD CONTACT SURFACES CLEAN - Comments: INSTRUCTED TO DETAIL CLEAN AND MAINTAIN INTERIOR SURFACES OF MOP SINK IN REAR AREA. | 53. TOILET FACILITIES: PROPERLY CONSTRUCTED, SUPPLIED, & CLEANED - Comments: TOILET ROOM RECEPTACLE MUST BE COVERED. INSTRUCTED T PROVIDE LID/COVER. | 55. PHYSICAL FACILITIES INSTALLED, MAINTAINED & CLEAN - Comments: INSTRUCTED TO DETAIL CLEAN AND MAINTAIN FLOORS ALONG THE WALLS AND IN ALL CORNERS IN REAR STORAGE AREA, FLOORS INSIDE WALK-IN COOLER AND WALK-IN FREEZER.",41.9321576791475,-87.7664245988305,ALDI FOODS STORE 90B,2828 N CENTRAL AVE,POINT (-87.7664245988305 41.9321576791475),18.0,BELMONT CRAGIN,109099414.689,19.0,19.0,43311.707379,,,,
Armitage Food Market,2022-04-05,Pass,TRUE,FALSE,FALSE,4824 W Armitage Ave,CHICAGO,IL,60639.0,"36. THERMOMETERS PROVIDED & ACCURATE - Comments: OBSERVED NO AMBIENT AIR THERMOMETER INSIDE THE 1 DOOR BEVERAGE COOLER. INSTRUCTED TO PROVIDE CONSPICUOUS AND EASILY READABLE THERMOMETERS INSIDE ALL REFRIGERATOR UNITS TO PROPERLY MONITOR THE AMBIENT AIR TEMPERATURE OF EQUIPMENT.  | 47. FOOD & NON-FOOD CONTACT SURFACES CLEANABLE, PROPERLY DESIGNED, CONSTRUCTED & USED - Comments: OBSERVED MILK CRATES BEING USED AS SHELVING. INSTRUCTED TO REMOVE FROM PREMISES AND PROVIDE SHELVING THAT IS FREE OF UNNECESSARY CREVICES AND DESIGNED/CONSTRUCTED TO BE EASILY CLEANABLE. | 53. TOILET FACILITIES: PROPERLY CONSTRUCTED, SUPPLIED, & CLEANED - Comments: OBSERVED NO COVERED RECEPTACLE (WASTE CAN WITH LID) INSIDE UNISEX EMPLOYEE WASHROOM. INSTRUCTED TO PROVIDE COVERED WASTE RECEPTACLE FOR FEMININE HYGIENE PRODUCTS. | 55. PHYSICAL FACILITIES INSTALLED, MAINTAINED & CLEAN - Comments: FOUND AN ACCUMULATION OF DIRT AND DEBRIS ON THE FLOOR THROUGHOUT THE REAR STORAGE ROOM. INSTRUCTED TO CLEAN AND MAINTAIN.",41.9170308222416,-87.7472410586078,ARMITAGE FOOD MARKET,4824 W ARMITAGE AVE,POINT (-87.7472410586078 41.9170308222416),18.0,BELMONT CRAGIN,109099414.689,19.0,19.0,43311.707379,,,,
Carniceria Guanajuato,2024-11-07,Pass,TRUE,FALSE,TRUE,5250-5258 W Fullerton Ave,CHICAGO,IL,60639.0,"37. FOOD PROPERLY LABELED; ORIGINAL CONTAINER - Comments:  OBSERVED GARLIC POWDER, BLACK PEPPER, SALT AND SUGAR OUT OF THE ORIGINAL CONTAINERS AND IN CONTAINERS WITHOUT LABELS CONTAINING THE PRODUCT NAME. INSTRUCTED TO LABEL ALL FOODS AND SPICES WITH COMMON NAME THAT ARE OUT OF THE ORIGINAL CONTAINERS | 41. WIPING CLOTHS: PROPERLY USED & STORED - Comments: OBSERVED SOILED WIPING CLOTHS STORED ON PREP TABLES. INSTRUCTED MANAGER TO STORE IN SANITIZING SOLUTION BETWEEN USES. | 47. FOOD & NON-FOOD CONTACT SURFACES CLEANABLE, PROPERLY DESIGNED, CONSTRUCTED & USED - Comments: OBSERVED CUTTING BOARD ON MAIN COOK LINE COVERED WITH DEEP GROOVES AND DARK STAINS. INSTRUCTED TO REPAIR OR REPLACE AND MAINTAIN SMOOTH, CLEANABLE SURFACES. | 49. NON-FOOD/FOOD CONTACT SURFACES CLEAN - Comments: INSTRUCTED TO DETAIL CLEAN AND MAINTAIN THE FOLLOWING THE INTERIOR OF THE MICROWAVE AND PREP COOLERS AND STORAGE SHELVES IN TAQUERIA FOOD PREP AREA AND DOOR TRACKS OF DISPLAY COOLERS IN MEAT/DELI PREP AREA TO REMOVE DRIED UP DEBRIS.  | 49. NON-FOOD/FOOD CONTACT SURFACES CLEAN - Comments: OBSERVED ACCUMULATED GREASE AND FOOD DEBRIS ON INTERIOR AND EXTERIOR SURFACES OF COOKING EQUIPMENT, PREP TABLES, COOLERS, FREEZERS, SHELVING UNITS. INSTRUCTED MANAGER TO CLEAN AND MAINTAIN. | 55. PHYSICAL FACILITIES INSTALLED, MAINTAINED & CLEAN - Comments:  INSTRUCTED TO DETAIL CLEAN AND ORGANIZE REAR STORAGE ROOM NEAR PRODUCE PREP AREA. REMOVE UNNECESSARY ARTICLES DUE TO POTENTIAL PEST HARBORAGE AND ELEVATE CLEANING EQUIPMENTS,BROOMS AND MOPS TO AT LEAST 6"" INCHES OFF THE FLOOR FOR EASIER CLEANING. | 55. PHYSICAL FACILITIES INSTALLED, MAINTAINED & CLEAN - Comments:  OBSERVED A FEW WATER DAMAGED CEILING TILES THROUGHOUT FACILITY. MUST REPAIR/REPLACE AND MAINTAIN. | 55. PHYSICAL FACILITIES INSTALLED, MAINTAINED & CLEAN - Comments: OBSERVED SOILED MOP HEADS NOT PROPERLY STORED. INSTRUCTED MANAGER TO HANG MOP HEADS TO PREVENT INSECT BREEDING. | 58. ALLERGEN TRAINING AS REQUIRED - Comments: OBSERVED NO ALLERGEN TRAINING ON SITE AT TIME OF INSPECTION. INSTRUCTED ALL EMPLOYEES HOLDING CITY OF CHICAGO FOODSERVICE MANAGER CERTIFICATES MUST COMPLETE ALLERGEN TRAINING AND MAINTAIN RECORDS THEREOF ON SITE AT ALL TIMES.",41.9241891458316,-87.7582297412262,CARNICERIA GUANAJUATO,52505258 W FULLERTON AVE,POINT (-87.7582297412262 41.9241891458316),18.0,BELMONT CRAGIN,109099414.689,19.0,19.0,43311.707379,,,,
Carniceria La Villa No. 2,2024-11-18,Pass,FALSE,TRUE,TRUE,5800 W Grand Ave,CHICAGO,IL,60639.0,"37. FOOD PROPERLY LABELED; ORIGINAL CONTAINER - Comments: OBSERVED OIL, GARLIC AND SEASONING OUT OF THE ORIGINAL CONTAINERS AND WITHOUT LABELS CONTAINING THE PRODUCT NAME. INSTRUCTED TO LABEL ALL FOODS AND SPICES WITH COMMON NAME THAT ARE OUT OF THE ORIGINAL CONTAINERS. | 39. CONTAMINATION PREVENTED DURING FOOD PREPARATION, STORAGE & DISPLAY - Comments: OBSERVED FOOD ITEMS STORED ON FLOOR IN BASEMENT AND SALES FLOOR. INSTRUCTED MANAGER TO ELEVATE ALL FOOD SIX INCHES OFF FLOOR. | 47. FOOD & NON-FOOD CONTACT SURFACES CLEANABLE, PROPERLY DESIGNED, CONSTRUCTED & USED - Comments: OBSERVED STAINED AND HEAVILY SCORED CUTTING BOARDS BEING USED IN THE TAQUERIA PREP AREA, MEAT CUTTING AREA AND REAR FOOD PREP AREA. MANAGEMENT INSTRUCTED TO RESURFACE OR REPLACE THE STAINED CUTTING BOARDS.  | 47. FOOD & NON-FOOD CONTACT SURFACES CLEANABLE, PROPERLY DESIGNED, CONSTRUCTED & USED - Comments: FOUND MILK CRATES BEING USED AS SHELVING THROUGHOUT PREMISES. MUST REMOVE FROM PREMISES AND PROVIDE SHELVING THAT IS FREE OF UNNECESSARY CREVICES AND DESIGNED/CONSTRUCTED TO BE EASILY CLEANABLE.  | 47. FOOD & NON-FOOD CONTACT SURFACES CLEANABLE, PROPERLY DESIGNED, CONSTRUCTED & USED - Comments: OBSERVED CARDBOARD USED AS LINER ON FLOOR IN PREP AND WALK-IN AREA. INSTRUCTED MANAGER TO REMOVE ALL CARDBOARD FROM SHELVING UNITS. ALL FOOD AND NON-FOOD CONTACT SURFACES MUST BE SMOOTH AND EASILY CLEANABLE.  | 47. FOOD & NON-FOOD CONTACT SURFACES CLEANABLE, PROPERLY DESIGNED, CONSTRUCTED & USED - Comments:  OBSERVED THE MEAT GRINDER IN THE MEAT DEPARTMENT AREA WITH A BUILD UP OF FOOD DEBRIS INSIDE WHERE THE MEAT IS PUSHED DOWN TO BE GRINDED. INSTRUCTED TO CLEAN AND MAINTAIN. | 49. NON-FOOD/FOOD CONTACT SURFACES CLEAN - Comments:  FOUND HEAVY DIRT AND FOOD RESIDUE BUILD UP ON THE GASKETS LOCATED ON THE 2-DOOR PREP COOLER IN THE TAQUERIA. FOUND HEAVY OLD MEAT AND DIRT ACCUMULATION AT THE BOTTOM OF THE SLIDING GLASS DOOR TRACKS ON THE MEAT DEPARTMENT DISPLAY COOLERS. MUST DETAIL CLEAN ALL SAID AREAS AND MAINTAIN | 53. TOILET FACILITIES: PROPERLY CONSTRUCTED, SUPPLIED, & CLEANED - Comments:  OBSERVED NO COVERED WASE RECEPTACLE PROVIDED IN THE CUSTOMER UNISEX WASHROOM. MUST PROVIDE AND MAINTAIN.  | 55. PHYSICAL FACILITIES INSTALLED, MAINTAINED & CLEAN - Comments: OBSERVED SOILED MOP HEADS NOT PROPERLY STORED. INSTRUCTED MANAGER TO HANG MOP HEADS TO PREVENT INSECT BREEDING. | 55. PHYSICAL FACILITIES INSTALLED, MAINTAINED & CLEAN - Comments: OBSERVED DEBRIS ON FLOORS ALONG WALLS AND CORNERS IN UTILITY AND STORAGE AREAS. INSTRUCTED MANAGER TO CLEAN AND MAINTAIN. | 55. PHYSICAL FACILITIES INSTALLED, MAINTAINED & CLEAN - Comments: OBSERVED UNUSED EQUIPMENT AND UNNECESSARY ARTICLES IN BASEMENT STORAGE AREA. INSTRUCTED MANAGER TO REMOVE ALL UNUSED, UNNECSSARY EQUIPMENT AND ARTICLES TO PREVENT PEST HARBORAGE.",41.9197749009712,-87.7707265258283,CARNICERIA LA VILLA NO 2,5800 W GRAND AVE,POINT (-87.7707265258283 41.9197749009712),18.0,BELMONT CRAGIN,109099414.689,19.0,19.0,43311.707379,,,,
Centro Fresh Market,2025-04-24,Pass,FALSE,TRUE,TRUE,4804-4810 W Diversey Ave,CHICAGO,IL,60639.0,"6. PROPER EATING, TASTING, DRINKING, OR TOBACCO USE - Comments: 2-401.11 OBSERVED EMPLOYEES PERSONAL DRINKING CONTAINERS AND PERSONAL BELONGINGS IN THE FOOD PREP AREA. ALL EMPLOYEE DRINKS AND PERSONAL BELONGINGS PROHIBITED IN ALL FOOD PREP AREAS. INSTRUCTED TO PROVIDE A DESIGNATED AREA FOR EMPLOYEES BELONGINGS. | 37. FOOD PROPERLY LABELED; ORIGINAL CONTAINER - Comments: 3-302.12 OBSERVED NO LABELS ON FOOD ITEMS (SALT/SEASONINGS) IN FOOD STORAGE CONTAINERS IN THE FOOD PREP AREA. INSTRUCTED TO PROVIDE LABELS WITH COMMON NAME OF FOOD. | 47. FOOD & NON-FOOD CONTACT SURFACES CLEANABLE, PROPERLY DESIGNED, CONSTRUCTED & USED - Comments: 4-204.12 OBSERVED THE MEAT GRINDER IN THE REAR FOOD PREP AREA WITH A BUILD UP OF FOOD DEBRIS INSIDE WHERE THE MEAT IS PUSHED DOWN TO BE GRINDED. INSTRUCTED TO CLEAN AND MAINTAIN. | 47. FOOD & NON-FOOD CONTACT SURFACES CLEANABLE, PROPERLY DESIGNED, CONSTRUCTED & USED - Comments: 4-101.19 OBSERVED ALUMINIUM FOIL AND CARDBOARDS USED AS LINER ON FLOOR AND PREP TABLES IN MEAT AND HOT PREP DEPARTMENT PREP AREAS. INSTRUCTED MANAGER TO REMOVE ALL CARDBOARD FROM SHELVING UNITS. ALL FOOD AND NON-FOOD CONTACT SURFACES MUST BE SMOOTH AND EASILY CLEANABLE. | 47. FOOD & NON-FOOD CONTACT SURFACES CLEANABLE, PROPERLY DESIGNED, CONSTRUCTED & USED - Comments: 4-202.14 OBSERVED THE INSIDE OF THE DEEP FRYER OIL FILTERING UNIT WITH A BUILD UP OF GREASE AND FOOD DEBRIS. INSTRUCTED TO CLEAN AND MAINTAIN. | 55. PHYSICAL FACILITIES INSTALLED, MAINTAINED & CLEAN - Comments: 6-501.16 OBSERVED IMPROPER STORAGE OF MOP IN THE UTILITY ROOM AREA. INSTRUCTED TO STORE PROPERLY. | 55. PHYSICAL FACILITIES INSTALLED, MAINTAINED & CLEAN - Comments: 6-201.16 OBSERVED BROKEN CEILING TILES AND WATER-STAINED CEILING TILES IN THE WOMEN EMPLOYEE WASHROOM. INSTRUCTED TO REPAIR AND MAINTAIN. | 56. ADEQUATE VENTILATION & LIGHTING; DESIGNATED AREAS USED - Comments: 6-303.11 OBSERVED LIGHTBULB BURNED OUT OVER THE STOVE/GRILL AREA IN THE PREP AREA. INSTRUCTED TO REPLACE AND MAINTAIN. | 57. ALL FOOD EMPLOYEES HAVE FOOD HANDLER TRAINING - Comments: 2-102.13 OBSERVED NO FOOD HANDLERS CERTIFICATES POSTED. INSTRUCTED TO PROVIDE.",41.9316396920584,-87.7468726844558,CENTRO FRESH MARKET,48044810 W DIVERSEY AVE,POINT (-87.7468726844558 41.9316396920584),18.0,BELMONT CRAGIN,109099414.689,19.0,19.0,43311.707379,,,,
Cermak Fresh Market,2024-10-01,Pass,TRUE,FALSE,TRUE,5101-5129 W Belmont Ave,CHICAGO,IL,60641.0,"39. CONTAMINATION PREVENTED DURING FOOD PREPARATION, STORAGE & DISPLAY - Comments: OBSERVED BOXED FOOD ITEMS BEING STORED ON THE FLOOR UNDERNEATH SHELVING UNITS IN BAKERY WALK-IN FREEZER IN THE REAR BAKERY PREP AREA. ISNTRUCTED THE PERSON I N CHARGE TO ELEVATE ALL FOOD SIX INCHES FROM FLOOR ON RAISED SHELVING UNITS AND MAINTAIN.  | 40. PERSONAL CLEANLINESS - Comments: OBSERVED MULTIPLE FOOD HANDLING EMPLOYEES IN THE KITCHEN PREP AREA NOT WEARING HAIR RESTRAINTS WHILE PREPING FOOD. INSTRUCTED THE PERSON IN CHARGE TO ENSURE ALL FOOD HANDLING EMPLOYEES WEAR EFFECTIVE HAIR RESTRAINTS TO PREVENT CONTAMINATION OF FOODS AND MAINTAIN. | 43. IN-USE UTENSILS: PROPERLY STORED - Comments: OBSERVED SCOOPS FOR DRY STORAGE CONTAINERS BEING STORED DIRECTLY INSIDE OF THE CONTAINER. INSTRUCTED THE PERSON IN CHARGE TO PROPERLY STORE ALL UTENSILS BETWEEN USE AND MAINTAIN. | 47. FOOD & NON-FOOD CONTACT SURFACES CLEANABLE, PROPERLY DESIGNED, CONSTRUCTED & USED - Comments: OBSERVED CARDBOARD BEING USED AS LINER ON SHELVING UNITS IN THE BAKERY DRY STORAGE AREA. INSTRUCTED THE PERSON IN CHARGE TO REMOVE CARDBOARD AND ENSURE ALL NON-FOOD CONTACT SURFACES REMAIN SMOOTH AND EASILY CLEANABLE. | 53. TOILET FACILITIES: PROPERLY CONSTRUCTED, SUPPLIED, & CLEANED - Comments: OBSERVED NO COVERED TRASH RECEPTACLE IN THE WOMEN'S TOILET ROOM INSIDE THE SECOND FLOOR LUNCH ROOM. INSTRUCTED THE PERSON IN CHARGE TO PROVIDE A COVERED TRASH RECEPTACLE FOR THE WOMEN'S TOILET ROOM AND MAINTAIN. | 55. PHYSICAL FACILITIES INSTALLED, MAINTAINED & CLEAN - Comments: OBSERVED ACCUMULATED DIRT ON FLOORS IN WALK-IN COOLERS AND FREEZER IN THE REAR. INSTRUCTED THE PERSON IN CHARGE TO CLEAN FLOORS IN WALK-IN COOLERS AND FREEZERS AND MAINTAIN.  | 56. ADEQUATE VENTILATION & LIGHTING; DESIGNATED AREAS USED - Comments: OBSERVED FOOD EMPLOYEE PERSONAL ITEMS STORED IN HOT FOODS PREP AREA. INSTRUCTED  THE PERSON IN CHARGE TO PROVIDE ORDERLY STORAGE AREA FOR EMPLOYEES CLOTHING AND OTHER POSSESSIONS AND MAINTAIN.",41.9386208907571,-87.7543622137265,CERMAK FRESH MARKET,51015129 W BELMONT AVE,POINT (-87.7543622137265 41.9386208907571),18.0,BELMONT CRAGIN,109099414.689,19.0,19.0,43311.707379,,,,
Farmer'S Best Market,2025-01-14,Pass,TRUE,FALSE,TRUE,6420 W Fullerton Ave,CHICAGO,IL,60707.0,"16. FOOD-CONTACT SURFACES: CLEANED & SANITIZED - Comments: OBSERVED THE INTERIOR OF ICE BIN (NOT FOR HUMAN CONSUMPTION) IN NEED OF CLEANING. INSTRUCTED TO REMOVE ICE, DETAIL CLEAN AND MAINTAIN AT ALL TIMES. | 37. FOOD PROPERLY LABELED; ORIGINAL CONTAINER - Comments: OBSERVED BULK STORAGE CONTAINERS CONTAINING FLOUR AND SUGER WITH NO LABEL IN BAKERY PREP AREA. INSTRUCTED TO LABEL ALL BULK FOOD CONTAINERS WITH COMMON NAME OF ITEM AND MAINTAIN. | 47. FOOD & NON-FOOD CONTACT SURFACES CLEANABLE, PROPERLY DESIGNED, CONSTRUCTED & USED - Comments: OBSERVED CUTTING BOARDS IN THE HOT FOODS KITCHEN, PREP, AND DELI AREA WITH OPEN SEAMS AND DARK STAINS. INSTRUCTED TO REFINISH OR REPLACE DAMAGED OR STAINED CUTTING BOARDS AND MAINTAIN AT ALL TIMES.  | 56. ADEQUATE VENTILATION & LIGHTING; DESIGNATED AREAS USED - Comments: OBSERVED ACCUMULATED GREASE BUILD-UP ON EXHAUST HOODS/FILTERS IN HOT FOODS PREP AREA AND MAIN KITCHEN. INSTRUCTED TO DETAIL CLEAN AND MAINTAIN.",41.9237817966705,-87.7862536744328,FARMERS BEST MARKET,6420 W FULLERTON AVE,POINT (-87.7862536744328 41.9237817966705),18.0,BELMONT CRAGIN,109099414.689,19.0,19.0,43311.707379,,,,
Fresh Marketplace,2025-01-29,Pass,FALSE,TRUE,TRUE,2600 N Central Ave,CHICAGO,IL,60639.0,"10. ADEQUATE HANDWASHING SINKS PROPERLY SUPPLIED AND ACCESSIBLE - Comments:  OBSERVED TIMED FAUCET NOT PROPERLY FUNCTIONING AT UPSTAIRS HANDWASHING SINK EMPOLYEE BREAK AREA. WATER MUST RUN CONTINUOUSLY FOR AT LEAST 15-20 SECONDS BEFORE REACTIVATING FAUCET | 10. ADEQUATE HANDWASHING SINKS PROPERLY SUPPLIED AND ACCESSIBLE - Comments: OBSERVED NO HAND WASHING SIGNAGE AT HAND WASHING SINK IN DELI PREP AREA AND UPSTAIRS EMPLOYEES BREAK AREA. INSTRUCTED MANAGER TO PROVIDE.  | 41. WIPING CLOTHS: PROPERLY USED & STORED - Comments: OBSERVED SOILED WIPING CLOTHS STORED ON PREP TABLES. INSTRUCTED MANAGER TO STORE IN SANITIZING SOLUTION BETWEEN USES.  | 47. FOOD & NON-FOOD CONTACT SURFACES CLEANABLE, PROPERLY DESIGNED, CONSTRUCTED & USED - Comments: OBSERVED HEAVILY STAINED CUTTING BOARDS IN THE TAQUERIA AND MEAT PREP AREAS. MANAGEMENT INSTRUCTED TO RESURFACE OR REPLACE THE CUTTING BOARDS IN THESE AREAS | 47. FOOD & NON-FOOD CONTACT SURFACES CLEANABLE, PROPERLY DESIGNED, CONSTRUCTED & USED - Comments:  MUST REPLACE THE MISSING/BROKEN SLIDING PLASTIC DOORS FOR THE MEAT DISPLAY COOLER AND TAQUERIA AREA | 56. ADEQUATE VENTILATION & LIGHTING; DESIGNATED AREAS USED - Comments: OBSERVED 3 BURNT OUT LIGHT BULBS IN THE TAQUERIA AREA. INSTRUCTED MAMAGER TO REPLACE AND MAINTAIN. | 58. ALLERGEN TRAINING AS REQUIRED - Comments: OBSERVED FOOD SERVICE SANITATION MANAGER WITHOUT FOOD ALLERGEN TRAINING CERTIFICATE. INSTRUCTED TO MEET REQUIREMENT.",41.927647679648,-87.7662665210695,FRESH MARKETPLACE,2600 N CENTRAL AVE,POINT (-87.7662665210695 41.927647679648),18.0,BELMONT CRAGIN,109099414.689,19.0,19.0,43311.707379,,,,
Hanson Park Food Market Inc.,2024-10-24,Pass,TRUE,FALSE,FALSE,5424 W Fullerton Ave,CHICAGO,IL,60639.0,,41.9241392910578,-87.7620792651089,HANSON PARK FOOD MARKET INC,5424 W FULLERTON AVE,POINT (-87.7620792651089 41.9241392910578),18.0,BELMONT CRAGIN,109099414.689,19.0,19.0,43311.707379,,,,
Jewel Food Store #3349,2025-02-06,Pass,FALSE,TRUE,TRUE,2520 N Narragansett Ave,CHICAGO,IL,60639.0,"43. IN-USE UTENSILS: PROPERLY STORED - Comments: OBSERVED SCOOPS FOR DRY STORAGE CONTAINERS BEING STORED DIRECTLY INSIDE OF THE CONTAINER. INSTRUCTED TO PROPERLY STORE ALL UTENSILS BETWEEN USE.  | 51. PLUMBING INSTALLED; PROPER BACKFLOW DEVICES - Comments: OBSERVED A FAUCET LEAKING AT THREE COMPARMENT SINK IN DELI. ALSO, OBSERVED LEAK AT DRAINPIPE IN PRODUCE PREP AREA. INSTRUCTED TO REPAIR AND MAINTAIN.  | 55. PHYSICAL FACILITIES INSTALLED, MAINTAINED & CLEAN - Comments: OBSERVED FOOD DEBRIS AND SPILLS ON THE FLOORS, ALONG WALLS AND IN ALL CORNERS THROUGHOUT THE FACILITY. INSTRUCTED TO DETAIL CLEAN UNDER ALL SHELVING UNITS, AROUND DISH MACHINE, PREP TABLES AND ALL COOKING EQUIPMENT TO REMOVE SPILLS, FOOD DEBRIS, DIRT BUILDUP. INSTRUCTED TO INCREASE CLEANING FREQUENCY AND MAINTAIN AT ALL TIMES.",41.9262969563262,-87.7856948239922,JEWEL FOOD STORE 3349,2520 N NARRAGANSETT AVE,POINT (-87.7856948239922 41.9262969563262),18.0,BELMONT CRAGIN,109099414.689,19.0,19.0,43311.707379,,,,
Mercado Viveros,2015-05-05,Pass,TRUE,FALSE,TRUE,5231 W Belmont Ave,CHICAGO,IL,60641.0,"35. WALLS, CEILINGS, ATTACHED EQUIPMENT CONSTRUCTED PER CODE: GOOD REPAIR, SURFACES CLEAN AND DUST-LESS CLEANING METHODS - Comments: ALL HOLES IN ALL WALLS AND CEILING THROUGHOUT THE REAR AREA MUST BE SEALED. | 37. TOILET ROOM DOORS SELF CLOSING: DRESSING ROOMS WITH LOCKERS PROVIDED: COMPLETE SEPARATION FROM LIVING/SLEEPING QUARTERS - Comments: EMPLOYEE WASHROOM DOOR MUST HAVE A SELF-CLOSING DEVICE. | 38. VENTILATION: ROOMS AND EQUIPMENT VENTED AS REQUIRED: PLUMBING: INSTALLED AND MAINTAINED - Comments: MUST PROVIDE A UTILITY MOP SINK WITH HOT AND COLD RUNNING WATER WITHIN THE INSIDE OF THE FACILITY. | 41. PREMISES MAINTAINED FREE OF LITTER, UNNECESSARY ARTICLES, CLEANING  EQUIPMENT PROPERLY STORED - Comments: ALL UNUSED SHELVING AND ITEMS STORED THROUGHOUT THE REAR MUST BE STORED ELEVATED 6"" FROM THE FLOOR AND ORGANIZED.",41.9385744599872,-87.7579483630022,MERCADO VIVEROS,5231 W BELMONT AVE,POINT (-87.7579483630022 41.9385744599872),18.0,BELMONT CRAGIN,109099414.689,19.0,19.0,43311.707379,,,,
Mini Market Luz Y Fuego,2016-04-27,Pass,TRUE,FALSE,TRUE,6011 W Grand Ave,CHICAGO,IL,60639.0,"32. FOOD AND NON-FOOD CONTACT SURFACES PROPERLY DESIGNED, CONSTRUCTED AND MAINTAINED - Comments: OBSERVED RAW WOOD STORAGE SHELVES THRU OUT, INSTRUCTED TO SEAL. | 35. WALLS, CEILINGS, ATTACHED EQUIPMENT CONSTRUCTED PER CODE: GOOD REPAIR, SURFACES CLEAN AND DUST-LESS CLEANING METHODS - Comments: OBSERVED WATER DAMAGED CEILING TILES, INSTRUCTED TO REPLACE. ALSO CLEAN ALL LIGHT SHIELDS. | 41. PREMISES MAINTAINED FREE OF LITTER, UNNECESSARY ARTICLES, CLEANING  EQUIPMENT PROPERLY STORED - Comments: OBSERVED CLUTTER IN YARD (BUILDING OWNER ITEMS) INSTRUCTED TO ORGANIZE AND REMOVE ITEMS NOT BEING USED. ALSO IN STORE ORGANIZE, AND REMOVE ITEMS NOT BEING USED.",41.9205412015382,-87.7761246316582,MINI MARKET LUZ Y FUEGO,6011 W GRAND AVE,POINT (-87.7761246316582 41.9205412015382),18.0,BELMONT CRAGIN,109099414.689,19.0,19.0,43311.707379,,,,
Target #1924,2024-12-20,Pass,FALSE,TRUE,TRUE,6525 W Diversey Ave,CHICAGO,IL,60707.0,"43. IN-USE UTENSILS: PROPERLY STORED - Comments: OBSERVED ICE SCOOP IMPROPERLY STORED INSIDE OF ICE MACHINE. INSTRUCTED HOW TO PROPERLY STORE ICE SCOOP IN BETWEEN USE.  | 51. PLUMBING INSTALLED; PROPER BACKFLOW DEVICES - Comments: OBSERVED LEAKING DRAINPIPE AT THREE-COMPARTMENT SINK IN REAR WAREWASHIGN AREA AND LEAKING DRIANPIPE AT HANDSINK IN FAMILY RESTROOM IN FRONT NEAR ENTRANCE. INSTRUCTED TO REPAIR AND MAINTAIN. | 55. PHYSICAL FACILITIES INSTALLED, MAINTAINED & CLEAN - Comments: OBSERVED ACCUMULATED FOOD DEBRIS AND SPILLAGE UNDER DRY SHELVING UNITS IN REAR STORAGE AREA. INSTRUCTED TO DETAIL CLEAN AND MAINTAIN.",41.9308339152397,-87.789133787544,TARGET 1924,6525 W DIVERSEY AVE,POINT (-87.789133787544 41.9308339152397),18.0,BELMONT CRAGIN,109099414.689,19.0,19.0,43311.707379,,,,
Perumex Super Market Inc.,2015-12-22,Out Of Business,TRUE,FALSE,FALSE,5217 W Diversey Ave,CHICAGO,IL,60639.0,"32. FOOD AND NON-FOOD CONTACT SURFACES PROPERLY DESIGNED, CONSTRUCTED AND MAINTAINED - Comments: FOUND INTERIOR OF 1ST AND 2ND FROM THE FRONT REACH IN COOLER NOT CLEAN. MUST CLEAN AND SANITIZE. | 34. FLOORS: CONSTRUCTED PER CODE, CLEANED, GOOD REPAIR, COVING INSTALLED, DUST-LESS CLEANING METHODS USED - Comments: FOUND FLOORS NOT CLEAN ALONG WALLS AT REAR STORAGE AREAS. MUST CLEAN AND SWEEP.   | 36. LIGHTING: REQUIRED MINIMUM FOOT-CANDLES OF LIGHT PROVIDED, FIXTURES SHIELDED - Comments: FOUND LIGHT FIXTURE INSIDE 2ND BEVERAGE REACH IN COOLER NOT SHIELDED. MUST SHIELD.",41.931280993632,-87.7571494977123,PERUMEX SUPER MARKET INC,5217 W DIVERSEY AVE,POINT (-87.7571494977123 41.931280993632),18.0,BELMONT CRAGIN,109099414.689,19.0,19.0,43311.707379,,,,
"Sunrise Finer Food, Inc.",2010-12-20,Out Of Business,TRUE,FALSE,FALSE,5401 W Diversey Ave,CHICAGO,IL,60639.0,,41.9312261583926,-87.7613936081605,SUNRISE FINER FOOD INC,5401 W DIVERSEY AVE,POINT (-87.7613936081605 41.9312261583926),18.0,BELMONT CRAGIN,109099414.689,19.0,19.0,43311.707379,,,,
La Dona Grocery Store,2011-02-17,Out Of Business,TRUE,FALSE,FALSE,3040 N Laramie Ave,CHICAGO,IL,60641.0,,41.9362998712091,-87.7567498048991,LA DONA GROCERY STORE,3040 N LARAMIE AVE,POINT (-87.7567498048991 41.9362998712091),18.0,BELMONT CRAGIN,109099414.689,19.0,19.0,43311.707379,,,,
Santa Maria Supermercado # 1,2013-09-27,Out Of Business,TRUE,FALSE,FALSE,5126 W Grand Ave,CHICAGO,IL,60639.0,,41.9169745353322,-87.7545340767224,SANTA MARIA SUPERMERCADO 1,5126 W GRAND AVE,POINT (-87.7545340767224 41.9169745353322),18.0,BELMONT CRAGIN,109099414.689,19.0,19.0,43311.707379,,,,
Supermercado La Villa,2017-02-02,Out Of Business,TRUE,FALSE,FALSE,5020 W Fullerton Ave,CHICAGO,IL,60639.0,,41.9242727135855,-87.7521150376578,SUPERMERCADO LA VILLA,5020 W FULLERTON AVE,POINT (-87.7521150376578 41.9242727135855),18.0,BELMONT CRAGIN,109099414.689,19.0,19.0,43311.707379,,,,