DBA Name,Address,IS_JUNK_STORE,IS_REAL_GROCERY,HAS_PRODUCE_FLAG,City,State,Zip,Inspection Date,Results,Violations,Latitude,Longitude,DBA_NAME_CLEAN,ADDRESS_CLEAN,geometry,index_right,Community,shape_area,area_num_1,AreaNumber,shape_len,IS_REVIEWED_REAL,REVIEW_NOTES,Action,Notes
Aldi #30,3030 S Kedzie Ave,FALSE,TRUE,TRUE,CHICAGO,IL,60623.0,2022-08-01,Pass,"49. NON-FOOD/FOOD CONTACT SURFACES CLEAN - Comments: INSTRUCTED TO REMOVE ICE BUILD UP FROM SMALL WALK-IN FREEZER CEILING AND FAN COVERS.  CLEAN FAN COVERS IN WALK-IN COOLER TO REMOVE DUST OBSERVED. | 53. TOILET FACILITIES: PROPERLY CONSTRUCTED, SUPPLIED, & CLEANED - Comments: FOUND NO COVERED WASTE RECEPTACLES IN WOMENS WASHROOM; INSTRUCTED TO PROVIDE A WASTE RECEPTACLE WITH A COVER. | 55. PHYSICAL FACILITIES INSTALLED, MAINTAINED & CLEAN - Comments: THE FLOORS UNDER THE SHELVES AND IN CORNER AREAS OF THE WALK-IN COOLER AND WALK-IN FREEZER NEEDS CLEANING.  CLEAN THE FLOOR IN THE STORAGE AREA IN CORNER AREAS.",41.8381141517343,-87.704994464765,ALDI 30,3030 S KEDZIE AVE,POINT (-87.704994464765 41.8381141517343),29.0,SOUTH LAWNDALE,127998297.867,30.0,30.0,49904.0452102,,,,
Alvarado'S Food Market,2401 S Ridgeway Ave,TRUE,FALSE,TRUE,CHICAGO,IL,60623.0,2014-07-16,Pass,"32. FOOD AND NON-FOOD CONTACT SURFACES PROPERLY DESIGNED, CONSTRUCTED AND MAINTAINED - Comments: RAW WOOD SURFACES INCLUDING DISPLAY SHELVING, WALL UNITS, ETC. ON SITE. INSTD TO PAINT/SEAL SAME WITH NON TOXIC PAINT.",41.8479093565157,-87.7184056653329,ALVARADOS FOOD MARKET,2401 S RIDGEWAY AVE,POINT (-87.7184056653329 41.8479093565157),29.0,SOUTH LAWNDALE,127998297.867,30.0,30.0,49904.0452102,,,,
Andrea'S Grocery Inc.,2800 S Drake Ave,TRUE,FALSE,FALSE,CHICAGO,IL,60623.0,2022-08-17,Pass W/ Conditions,"2. CITY OF CHICAGO FOOD SERVICE SANITATION CERTIFICATE - Comments: NO VALID CITY OF CHICAGO MANAGER CERTIFICATION PROVIDED ON SITE. PERSON IN CHARGE MUST BE PRESENT WITH A VALID CITY OF CHICAGO MANAGER CERTIFICATION DURING ALL HOURS OF OPERATION. PRIORITY FOUNDATION VIOLATION 7-38-012 CITATION ISSUED. | 3. MANAGEMENT, FOOD EMPLOYEE AND CONDITIONAL EMPLOYEE; KNOWLEDGE, RESPONSIBILITIES AND REPORTING - Comments: NO WRITTEN EMPLOYEE HEALTH PROLICES PROVIDED ON SITE. FACILITY MUST PROVIDE ALL WRITTEN HEALTH POLICES ON SITE AT ALL TIMES. PRIORITY FOUNDATION VIOLATION 7-38-010. NO CITATION ISSUED DUE TO LAST HEALTH INSPECTION CONDUCTED ON 12/12/2014 BEFORE THE 2017 FDA FOOD CODE WAS UPDATED. | 5. PROCEDURES FOR RESPONDING TO VOMITING AND DIARRHEAL EVENTS - Comments: NO PROCEDURE OR SPILL KIT FOUND ON SITE FOR VOMITING AND DIARRHEAL EVENTS. PRIORITY FOUNDATION VIOLATION 7-38-005. NO CITATION ISSUED DUE TO LAST HEALTH INSPECTION CONDUCTED ON 12/12/2014 BEFORE THE 2017 FDA FOOD CODE WAS UPDATED. | 38. INSECTS, RODENTS, & ANIMALS NOT PRESENT - Comments: OBSERVED FRONT DOORWAY WITH LESS THAN HALF AN INCH OF A GAP. DOOR MUST HAVE A FIT SEAL TO PREVENT ANY INSECT/RODENT ACTIVITY.  | 47. FOOD & NON-FOOD CONTACT SURFACES CLEANABLE, PROPERLY DESIGNED, CONSTRUCTED & USED - Comments: CARDBOARD USED AS LINING ON SHELVES THROUGHOUT THE PREMISES. FACILITY MUST PROVIDE A SMOOTH AND EASILY CLEANABLE SURFACE THAT IS NON-ABSORBENT. | 57. ALL FOOD EMPLOYEES HAVE FOOD HANDLER TRAINING - Comments: NO FOOD HANDLER CERTIFICATIONS PROVIDED ON SITE. FACILITY MUST PROVIDE VALID FOOD HANDLER CERTIFICATIONS.",41.840645792861300,-87.713616432956,ANDREAS GROCERY INC,2800 S DRAKE AVE,POINT (-87.713616432956 41.840645792861295),29.0,SOUTH LAWNDALE,127998297.867,30.0,30.0,49904.0452102,,,,
Carneceria Iguala Guerrero,2714 W Cermak Rd,FALSE,TRUE,TRUE,CHICAGO,IL,60608.0,2020-11-02,Pass W/ Conditions,"10. ADEQUATE HANDWASHING SINKS PROPERLY SUPPLIED AND ACCESSIBLE - Comments: MUST INSTALL HAND WASHING SINK BEHIND BUTCHER COUNTER WITH HOT & COLD WATER, SOAP, AND PAPER TOWELS.  PRIORITY FOUNDATION 7-38-030(C) NO CITATION ISSUED. | 37. FOOD PROPERLY LABELED; ORIGINAL CONTAINER - Comments: MUST LABEL CANDY SOLD AT FRONT COUNTER WITH INGREDIENTS, NAME, AND PLACE OF MANUFACTURER, PACKER, OR DISTRIBUTOR. INSTRUCTED TO MAINTAIN. | 41. WIPING CLOTHS: PROPERLY USED & STORED - Comments: MUST STORE WIPING CLOTHS IN PREP AREAS IN SANITIZER BUCKET BETWEEN USES TO PREVENT CROSS CONTAMINATION. INSTRUCTED TO MAINTAIN. | 49. NON-FOOD/FOOD CONTACT SURFACES CLEAN - Comments: MUST REMOVE RUST ACCUMULATION FROM STORAGE RACKS ON WALK-IN COOLER, SURFACE MUST BE SMOOTH AND EASILY CLEANABLE, AND MAINTAIN. | 51. PLUMBING INSTALLED; PROPER BACKFLOW DEVICES - Comments: MUST REPAIR LEAKY DRAIN PIPE UNDER HANDWASHING SINK IN REAR PREP AREA, AND LEAKY HOT WATER KNOB ON HANDWASHING SINK IN TOILET ROOM.  ALSO, REPAIR SLOW DRAIN IN HAND SINK IN PREP AREA. INSTRUCTED TO MAINTAIN. | 53. TOILET FACILITIES: PROPERLY CONSTRUCTED, SUPPLIED, & CLEANED - Comments: MUST PROVIDE A COVERED RECEPTACLE IN STAFF TOILET ROOM FOR FEMININE HYGIENE NEEDS, INSTRUCTED TO MAINTAIN. | 55. PHYSICAL FACILITIES INSTALLED, MAINTAINED & CLEAN - Comments: MUST DETAIL CLEAN LOOSE FOOD DEBRIS FROM FLOORS THROUGHOUT FACILITY. ALSO, CLEAN DRIED FOOD DEBRIS ON WALLS IN REAR PREP AREA, INSTRUCTED TO MAINTAIN. | 56. ADEQUATE VENTILATION & LIGHTING; DESIGNATED AREAS USED - Comments: MUST INSTALL AND HOOD VENTILATION SYSTEM IN REAR FOOD PREP AREA, WHERE LARGE BURNERS ARE USED TO COOK FOOD, TO PREVENT FOOD CONTAMINATION. INSTRUCTED TO PROHIBIT USING BURNERS UNTIL HOOD IS INSTALLED AND MAINTAINED.",41.8520347380503,-87.6936969080781,CARNECERIA IGUALA GUERRERO,2714 W CERMAK RD,POINT (-87.6936969080781 41.8520347380503),29.0,SOUTH LAWNDALE,127998297.867,30.0,30.0,49904.0452102,,,,
Cermak Produce,3311 W 26Th St,FALSE,TRUE,TRUE,CHICAGO,IL,60623.0,2024-10-10,Pass,10. ADEQUATE HANDWASHING SINKS PROPERLY SUPPLIED AND ACCESSIBLE - Comments: 6-301.14	 MUST PROVIDES HANDWASHING SIGNAGE AT ALL HANDSINKS ON PREMISE AND MAINTAIN.,41.844366728746,-87.7078980537844,CERMAK PRODUCE,3311 W 26TH ST,POINT (-87.7078980537844 41.844366728746),29.0,SOUTH LAWNDALE,127998297.867,30.0,30.0,49904.0452102,,,,
Fruteria Andy #2,2458 S Springfield Ave,TRUE,FALSE,FALSE,CHICAGO,IL,60623.0,2019-01-29,Pass W/ Conditions,"3. MANAGEMENT, FOOD EMPLOYEE AND CONDITIONAL EMPLOYEE; KNOWLEDGE, RESPONSIBILITIES AND REPORTING - Comments: NO EMPLOYEE HEALTH POLICY IN PLACE. INSTD TO PROVIDE AND MAINTAIN. PRIORITY FOUNDATION 7-38-010. | 5. PROCEDURES FOR RESPONDING TO VOMITING AND DIARRHEAL EVENTS - Comments: NO PROCEDURE IN PLACE FOR VOMITING AND DIARRHEAL EVENTS. INSTD TO PROVIDE AND MAINTAIN. PRIORITY FOUNDATION 7-38-005. | 47. FOOD & NON-FOOD CONTACT SURFACES CLEANABLE, PROPERLY DESIGNED, CONSTRUCTED & USED - Comments: RAW WOOD SURFACE AT FRONT COUNTER. INSTD TO SEAL ALL RAW WOOD. | 56. ADEQUATE VENTILATION & LIGHTING; DESIGNATED AREAS USED - Comments: NO MECHANICAL VENTILATION IN TOILET ROOM. INSTD TO PROVIDE AND MAINTAIN.",41.8462131486915,-87.7223105916295,FRUTERIA ANDY 2,2458 S SPRINGFIELD AVE,POINT (-87.7223105916295 41.8462131486915),29.0,SOUTH LAWNDALE,127998297.867,30.0,30.0,49904.0452102,,,,
Guerrero Foods Inc.,2856-2858 S Pulaski Rd,TRUE,FALSE,FALSE,CHICAGO,IL,60623.0,2024-12-18,Pass,56. ADEQUATE VENTILATION & LIGHTING; DESIGNATED AREAS USED - Comments: OBSERVED HOOD VENTILATION FILTERS WITH A BUILD UP OF GREASE ON ALL FILTERS.  INSTRUCTED TO CLEAN AND MAINTAIN ALL AS A MEANS OF PREVENTING POSSIBLE CONTAMINATION OF FOOD CONTACT SURFACES BELOW OR FOODS BEING PREPARED IN THE AREA.,41.8388697992969,-87.7245504040386,GUERRERO FOODS INC,28562858 S PULASKI RD,POINT (-87.7245504040386 41.8388697992969),29.0,SOUTH LAWNDALE,127998297.867,30.0,30.0,49904.0452102,,,,
Latino Grocery,4223 W 26Th St,TRUE,FALSE,FALSE,CHICAGO,IL,60623.0,2013-08-29,Pass,"35. WALLS, CEILINGS, ATTACHED EQUIPMENT CONSTRUCTED PER CODE: GOOD REPAIR, SURFACES CLEAN AND DUST-LESS CLEANING METHODS - Comments: SEAL HOLES AROUND PIPES BY TOILET AND UNDER SINKS IN WASHROOMS. | 38. VENTILATION: ROOMS AND EQUIPMENT VENTED AS REQUIRED: PLUMBING: INSTALLED AND MAINTAINED - Comments: MUST INSTALL A BACKFLOW DEVICE AT UTILITY SINK.",41.8440614800138,-87.7303979014169,LATINO GROCERY,4223 W 26TH ST,POINT (-87.7303979014169 41.8440614800138),29.0,SOUTH LAWNDALE,127998297.867,30.0,30.0,49904.0452102,,,,
Lupita'S Grocery,2401 S Christiana Ave,TRUE,FALSE,FALSE,CHICAGO,IL,60623.0,2020-05-20,Pass W/ Conditions,"36. THERMOMETERS PROVIDED & ACCURATE - Comments: 4-302.12 OBSERVED NO THERMOMETER ON SITE TO TAKE FOOD TEMPERATURES. INSTRUCTED TO PROVIDE. PRIORITY FOUNDATION 7-38-005.  | 53. TOILET FACILITIES: PROPERLY CONSTRUCTED, SUPPLIED, & CLEANED - Comments: 5-501.17 OBSERVED A COVERED RECEPTACLE IS NEEDED INSIDE OF THE TOILET ROOM. INSTRUCTED TO PROVIDE. | 55. PHYSICAL FACILITIES INSTALLED, MAINTAINED & CLEAN - Comments: 6-501.114 OBSERVED THE REAR OF THE FACILITY WITH ACCUMULATED CLUTTER. INSTRUCTED TO ORGANIZE.",41.8480050897752,-87.7086481220759,LUPITAS GROCERY,2401 S CHRISTIANA AVE,POINT (-87.7086481220759 41.8480050897752),29.0,SOUTH LAWNDALE,127998297.867,30.0,30.0,49904.0452102,,,,
Manrras Grocery,3132 W 25Th St,TRUE,FALSE,FALSE,CHICAGO,IL,60623.0,2022-06-29,Pass W/ Conditions,5. PROCEDURES FOR RESPONDING TO VOMITING AND DIARRHEAL EVENTS - Comments: NO VOMIT AND DIARRHEAL CLEAN UP PROCEDURE ON PREMISES AS REQUIRED; MUST PROVIDE. INSTRUCTED THE PERSON IN CHARGE THAT A VOMIT AND DIARRHEA CLEAN UP PROCEDURE MUST BE DOCUMENTED AND THE NECESSARY SUPPLIES ON HAND IN THE EVENT OF A VOMIT AND DIARRHEAL INCIDENT ON PREMISES. PRIORITY FOUNDATION VIOLATION 7-38-005.,41.8464606639961,-87.7038037640727,MANRRAS GROCERY,3132 W 25TH ST,POINT (-87.7038037640727 41.8464606639961),29.0,SOUTH LAWNDALE,127998297.867,30.0,30.0,49904.0452102,,,,
Mini Mercado La Betania,2800 S Tripp Ave,TRUE,FALSE,FALSE,CHICAGO,IL,60623.0,2024-09-05,Pass,49. NON-FOOD/FOOD CONTACT SURFACES CLEAN - Comments: INSTRUCTED TO CLEAN ALL UNUSED EQUIPMENT IN PREP AREA.,41.8403965367115,-87.73067501246,MINI MERCADO LA BETANIA,2800 S TRIPP AVE,POINT (-87.73067501246 41.8403965367115),29.0,SOUTH LAWNDALE,127998297.867,30.0,30.0,49904.0452102,,,,
Pete'S Fresh Supermarket,2526 W Cermak Rd,FALSE,TRUE,TRUE,CHICAGO,IL,60608.0,2025-04-09,Pass,10. ADEQUATE HANDWASHING SINKS PROPERLY SUPPLIED AND ACCESSIBLE - Comments: 6-301.14 OBSERVED NO HAND WASHING SIGN AT THE HAND WASHING SINK IN THE SANDWICH PREP AREA. INSTRUCTED TO PROVIDE. | 40. PERSONAL CLEANLINESS - Comments: 2-402.11 OBSERVED A MALE FOOD HANDLER PREPPING FOODS WITHOUT A HAIR NET/RESTRAINT OR A BEARD GUARD. INSTRUCTED TO PROVIDE. | 51. PLUMBING INSTALLED; PROPER BACKFLOW DEVICES - Comments: 5-205.15 OBSERVED A MINOR WATER LEAK AT THE CONDENSER UNIT IN THE PREPARED FOODS WALK IN COOLER. INSTRUCTED TO REPAIR AND DO NOT STORE ANYTHING UNDER THE CONDENSER IN THE WALK IN COOLER.,41.8521006532403,-87.6890511106072,PETES FRESH SUPERMARKET,2526 W CERMAK RD,POINT (-87.6890511106072 41.8521006532403),29.0,SOUTH LAWNDALE,127998297.867,30.0,30.0,49904.0452102,,,,
"Prince Food Market, Inc",2819 W Cermak Rd,TRUE,FALSE,FALSE,CHICAGO,IL,60623.0,2018-01-05,Pass,"32. FOOD AND NON-FOOD CONTACT SURFACES PROPERLY DESIGNED, CONSTRUCTED AND MAINTAINED - Comments: Inspector Comments: MUST ELIMINATE CRATES USED FOR POP STORAGE IN REAR STORAGE AREA AND PROVIDE SHELVING UNITS. | 33. FOOD AND NON-FOOD CONTACT EQUIPMENT UTENSILS CLEAN, FREE OF ABRASIVE DETERGENTS - Comments: Inspector Comments: MUST CLEAN DEBRIS FROM FRONT WINDOW SILLS. | 35. WALLS, CEILINGS, ATTACHED EQUIPMENT CONSTRUCTED PER CODE: GOOD REPAIR, SURFACES CLEAN AND DUST-LESS CLEANING METHODS - Comments: Inspector Comments: MUST REPAIR OR REPLACE BROKEN AND MISSING CEILING TILES NEAR FRONT WINDOWS.",41.8517813420728,-87.696344921384,PRINCE FOOD MARKET INC,2819 W CERMAK RD,POINT (-87.696344921384 41.8517813420728),29.0,SOUTH LAWNDALE,127998297.867,30.0,30.0,49904.0452102,,,,
Rigo'S Grocery,2858 S Lawndale Ave,TRUE,FALSE,TRUE,CHICAGO,IL,60623.0,2020-11-24,Pass,"39. CONTAMINATION PREVENTED DURING FOOD PREPARATION, STORAGE & DISPLAY - Comments: MUST INSTALL WASHABLE SPLASH GUARD ON REAR PREP HANDSINK WHERE MEAT PANS USED TO DISPLAY CASING ARE STORED AFTER WASH, RINSING, AND SANITIZING OR REMOVE. MUST MAINTAIN TO PREVENT SOURCES OF MISCELLANEOUS SOURCES OF CONTAMINATION. | 47. FOOD & NON-FOOD CONTACT SURFACES CLEANABLE, PROPERLY DESIGNED, CONSTRUCTED & USED - Comments: MUST REPAIR DEEP FREEZER DOOR (DUCT TAPE MENDED) IN REAR PREP AREA AND MAINTAIN. | 49. NON-FOOD/FOOD CONTACT SURFACES CLEAN - Comments: MUST CLEAN AND REMOVE ALL DRIED FOOD DEBRIS ON ALL HEAVY COOKING EQUIPMENT IN REAR PREP AREA. MUST MAINTAIN. | 51. PLUMBING INSTALLED; PROPER BACKFLOW DEVICES - Comments: OBSERVED HANDSINK LOCATED IN PREP AREA SLOW DRAINING. INSTRUCTED TO REPAIR AND MAINTAIN.",41.8389367452558,-87.7172305545734,RIGOS GROCERY,2858 S LAWNDALE AVE,POINT (-87.7172305545734 41.8389367452558),29.0,SOUTH LAWNDALE,127998297.867,30.0,30.0,49904.0452102,,,,
Rodriguez Fruits & Vegetable,2458 S St Louis Ave,TRUE,FALSE,TRUE,CHICAGO,IL,60623.0,2024-05-16,Pass,"47. FOOD & NON-FOOD CONTACT SURFACES CLEANABLE, PROPERLY DESIGNED, CONSTRUCTED & USED - Comments: NOTED FROZEN FOOD INSIDE FREEZERS STORED INSIDE GROCERY STORE BAGS. INSTRUCTED TO STORE FOOD IN FOOD-GRADE BAGS ONLY AND MAINTAIN THEM. | 51. PLUMBING INSTALLED; PROPER BACKFLOW DEVICES - Comments: OBSERVED REAR PREP HANDSINK NEAR HOT GRILLS LEAKING FROM PIPING. INSTRUCTED TO REAPIR AND MAINTAIN IN GOOD CONDITION. | 56. ADEQUATE VENTILATION & LIGHTING; DESIGNATED AREAS USED - Comments: OBSERVED DAIRY COOLING UNITS IN GROCERY WITH BROKEN BULBS AND INSTRUCTED TO REPLACE AND INCREASE LIGHTING INSIDE EQUIPMENT. | 57. ALL FOOD EMPLOYEES HAVE FOOD HANDLER TRAINING - Comments: MUST PROVIDE FOOD HANDLER CERTIFICATES FOR ALL FOOD HANDLERS AND MAINTAIN ON SITE.",41.8463298609331,-87.7125513997306,RODRIGUEZ FRUITS VEGETABLE,2458 S ST LOUIS AVE,POINT (-87.7125513997306 41.8463298609331),29.0,SOUTH LAWNDALE,127998297.867,30.0,30.0,49904.0452102,,,,
Sn Grocery Store Inc.,2802 S Karlov Ave,TRUE,FALSE,TRUE,CHICAGO,IL,60623.0,2020-11-17,Pass W/ Conditions,"3. MANAGEMENT, FOOD EMPLOYEE AND CONDITIONAL EMPLOYEE; KNOWLEDGE, RESPONSIBILITIES AND REPORTING - Comments: OBSERVED NO SIGNED  EMPLOYEE HEALTH POLICIES ON SITE FOR ALL FOOD HANDLERS. INSTRUCTED TO PROVIDE AND MAINTAIN ONSITE FOR REVIEW. PRIORITY FOUNDATION VIOLATION. 7-38-010. NO CITATION ISSUED. DOCUMENTS PROVIDED. | 5. PROCEDURES FOR RESPONDING TO VOMITING AND DIARRHEAL EVENTS - Comments: OBSERVED NO WRITTEN PROCEDURE POSTED ON SITE OR NECESSARY ITEMS OUTLINED IN THE POLICY AVAILABLE ON SITE FOR RESPONDING TO VOMIT AND DIAARHEAL EVENTS THAT CAN OCCUR IN THE FOOD ESTABLISHMENT. PRIORITY FOUNDATION VIOLATION. 7-38-005. NO CITATION ISSUED. DOCUMENTS PROVIDED. | 47. FOOD & NON-FOOD CONTACT SURFACES CLEANABLE, PROPERLY DESIGNED, CONSTRUCTED & USED - Comments: OBSERVED CARDBOARD LINERS ON SHELVING UNITS IN PREP AREA. MUST REMOVE AND PROVIDE SMOOTH AND EASILY CLEANABLE SURFACES | 49. NON-FOOD/FOOD CONTACT SURFACES CLEAN - Comments: OBSERVED STORED KITCHEN EQUIPMENT/UTENSILS WITH DRIED DEBRIS ON SURFACES STORED ON ROLLING CART NEAR PREP AREA. MUST CLEAN AND MAINTAIN. | 55. PHYSICAL FACILITIES INSTALLED, MAINTAINED & CLEAN - Comments: OBSERVED EXCESSIVE ITEMS STORED ON THE FLOOR BEHIND THE COUNTER AS WELL AS BLACK MILK CRATES USED FOR ELEVATION. INSTRUCTED TO REMOVE CLUTTER, ELEVATE ALL ITEMS AT LEAST 6 INCHES OFF THE FLOOR AND REMOVE CRATES TO PREVENT HIDING PLACES FOR PEST. MUST MAINTAIN.",41.84038414735,-87.72702717734,SN GROCERY STORE INC,2802 S KARLOV AVE,POINT (-87.72702717734 41.84038414735),29.0,SOUTH LAWNDALE,127998297.867,30.0,30.0,49904.0452102,,,,
Super Mercado La Chiquita,3555 W 26Th St,FALSE,TRUE,TRUE,CHICAGO,IL,60623.0,2024-12-04,Pass,"10. ADEQUATE HANDWASHING SINKS PROPERLY SUPPLIED AND ACCESSIBLE - Comments: OBESRVED MISSING HANDWASH SIGNAGE AT FRONT KITCHEN HAND SINK. MANAGER INSTALLED SIGN DURING INSPECTION. | 39. CONTAMINATION PREVENTED DURING FOOD PREPARATION, STORAGE & DISPLAY - Comments: OBSERVED FOOD CONTAINERS STORED ON THE FLOOR IN THE WALK-IN FREEZER. INSTRUCTED MANAGER TO PROPERLY STORE AND PROTECT FOOD ITEMS FROM CONTAMINATION WHILE STORED BY ELEVATING AT LEAST SIX INCHES FROM THE FLOOR ON RAISED SHELVING UNITS.",41.8442791237393,-87.7145537662772,SUPER MERCADO LA CHIQUITA,3555 W 26TH ST,POINT (-87.7145537662772 41.8442791237393),29.0,SOUTH LAWNDALE,127998297.867,30.0,30.0,49904.0452102,,,,
Supermercado Alex,4134 W 31St St,TRUE,FALSE,TRUE,CHICAGO,IL,60623.0,2024-12-13,Pass,"41. WIPING CLOTHS: PROPERLY USED & STORED - Comments: OBSERVED WET WIPING CLOTHS ON SEVERAL PREP SURFACE AREAS. INSTRUCTED TO PROPERLY STORE WIPING CLOTHS IN A SANITIZING SOLUTION BETWEEN USES TO PREVENT CONTAMINATION OF EQUIPMENT & FOOD. MUST MAINTAIN | 47. FOOD & NON-FOOD CONTACT SURFACES CLEANABLE, PROPERLY DESIGNED, CONSTRUCTED & USED - Comments: OBSERVED MILK CRATES BEING USED AS SHELVING THROUGHOUT THE PREP AND STORAGE AREAS. MUST REMOVE AND PROVIDE SHELVING THAT IS 6"" OFF THE FLOOR AND PROVIDES FLOOR ACCESSIBILITY TO ENSURE ADEQUATE FACILITY CLEANING. | 55. PHYSICAL FACILITIES INSTALLED, MAINTAINED & CLEAN - Comments: OBSERVED LOOSE DEBRIS, DIRT AND DUST BUILDUP ON THE FLOORS AND CORNERS IN THE WALK-IN COOLER INSTRUCTED TO DETAIL CLEAN AND INCREASE CLEANING FREQUENCY OF FLOORS. MUST MAINTAIN AT ALL TIMES.",41.8369472380681,-87.7281423632378,SUPERMERCADO ALEX,4134 W 31ST ST,POINT (-87.7281423632378 41.8369472380681),29.0,SOUTH LAWNDALE,127998297.867,30.0,30.0,49904.0452102,,,,
Supermercado Cuauhtemoc Inc,2502-2506 S Kedzie Ave,TRUE,FALSE,FALSE,CHICAGO,IL,60623.0,2024-11-06,Pass W/ Conditions,"1. PERSON IN CHARGE PRESENT, DEMONSTRATES KNOWLEDGE, AND PERFORMS DUTIES - Comments: OBSERVED NO PERSON IN CHARGE WITH VALID CHICAGO FOOD SANITATION CERTIFICATE. | 2. CITY OF CHICAGO FOOD SERVICE SANITATION CERTIFICATE - Comments: OBSERVED NO CERTIFIED FOOD MANAGER ON DUTY WHILE TCS FOODS ARE BEING PREPARED, HANDLED AND SERVED SUCH AS (CHICKEN, STEAK, PORK,ETC) MUST BE ON SITE AT ALL TIMES. PRIORITY FOUNDATION 7-38-012. CITATION ISSUED.  | 47. FOOD & NON-FOOD CONTACT SURFACES CLEANABLE, PROPERLY DESIGNED, CONSTRUCTED & USED - Comments: OBSERVED CARBOARD USED AS FLOOR MATS IN REAR PREP AREA. INSTRUCTED TO REMOVE AND INSTALL MATS THAT ARE SMOOTH EASILY CLEANABLE. | 47. FOOD & NON-FOOD CONTACT SURFACES CLEANABLE, PROPERLY DESIGNED, CONSTRUCTED & USED - Comments: OBSERVED MILK CRATES BEING USED AS SHELVING THROUGHOUT THE PREP AND STORAGE AREAS. MUST REMOVE AND PROVIDE SHELVING THAT IS 6"" OFF THE FLOOR AND PROVIDES FLOOR ACCESSIBILITY TO ENSURE ADEQUATE FACILITY CLEANING.",41.8461850649061,-87.7052374842698,SUPERMERCADO CUAUHTEMOC INC,25022506 S KEDZIE AVE,POINT (-87.7052374842698 41.8461850649061),29.0,SOUTH LAWNDALE,127998297.867,30.0,30.0,49904.0452102,,,,
Supermercado Guerrero,3100 W Cermak Rd,TRUE,FALSE,FALSE,CHICAGO,IL,60623.0,2024-11-12,Pass,"47. FOOD & NON-FOOD CONTACT SURFACES CLEANABLE, PROPERLY DESIGNED, CONSTRUCTED & USED - Comments: OBSERVED FROZEN MEAT STORED IN GROCERY BAGS IN THE FREEZER. MANAGEMENT INSTRUCTED TO USE PROPER FOOD-GRADE STORAGE BAGS AND CONTAINERS ONLY. | 51. PLUMBING INSTALLED; PROPER BACKFLOW DEVICES - Comments: OBSERVED A LEAK AT FAUCET ON THREE COMPARTMENT SINK.  INSTRUCTED TO REPAIR AND MAINTAIN. | 55. PHYSICAL FACILITIES INSTALLED, MAINTAINED & CLEAN - Comments: OBSERVED EXCESSIVE GREASE BUILD-UP ON GREASE TRAP AT THREE COMPARTMENT SINK.  INSTRUCTED TO CLEAN AND MAINTAIN.",41.851908367483100,-87.7028759889965,SUPERMERCADO GUERRERO,3100 W CERMAK RD,POINT (-87.7028759889965 41.851908367483105),29.0,SOUTH LAWNDALE,127998297.867,30.0,30.0,49904.0452102,,,,
Supermercado La Chiquita #4,2623-2659 S Pulaski Rd,FALSE,TRUE,TRUE,CHICAGO,IL,60623.0,2024-12-05,Pass,"49. NON-FOOD/FOOD CONTACT SURFACES CLEAN - Comments: OBSERVED THE SIDE OF THE HOT HOLD UNIT WITH A BUILD UP OF GREASE.  INSTRUCTED TO CLEAN AND MAINTAIN.  | 55. PHYSICAL FACILITIES INSTALLED, MAINTAINED & CLEAN - Comments: OBSERVED THE FLOOR BETWEEN THE HOT HOLD UNIT WITH A BUILD UP OF DEBRIS, DIRT AND POSSIBLE FOOD DEBRIS.  ALSO OBSERVED THE FLOOR UNDER THE METAL PREP TABLE NEXT TO THE UP RIGHT COOLING UNIT WITH A BUILD UP OF DIRT AND POSSIBLE FOOD DEBRIS.  INSTRUCTED TO CLEAN AND MAINTAIN AREAS AS A MEANS OF PREVENTING POSSIBLE PEST AND OR INSECT ACTIVITY.",41.8435348913214,-87.7243821793929,SUPERMERCADO LA CHIQUITA 4,26232659 S PULASKI RD,POINT (-87.7243821793929 41.8435348913214),29.0,SOUTH LAWNDALE,127998297.867,30.0,30.0,49904.0452102,,,,
Supermercado Mi Lupita,2701 W 23Rd St,FALSE,TRUE,TRUE,CHICAGO,IL,60608.0,2024-12-05,Pass,"49. NON-FOOD/FOOD CONTACT SURFACES CLEAN - Comments: 4-601.11(C) OBSERVED INTERIOR OF REFRIGERATION UNITS (SODA REFRIGERATOR) WITH ACCUMULATED DEBRIS, OBSERVED OLD UNUSED EQUIPMENT IN THE MIDDLE PREP AREA AND THE CUSTOMER SERVICE AREA (UNUSED REACH IN COOLER, UNUSED REFRIGERATORS. INSTRUCTED TO CLEAN INTERIOR OF ALL OR REMOVE UNUSED EQUIPMENT. | 53. TOILET FACILITIES: PROPERLY CONSTRUCTED, SUPPLIED, & CLEANED - Comments: 5-501.17 OBSERVED NO COVERED RECEPTACLE INSIDE OF THE TOILET ROOM. INSTRUCTED TO PROVIDE. | 55. PHYSICAL FACILITIES INSTALLED, MAINTAINED & CLEAN - Comments: 6-501.114 OBSERVED EXCESSIVE CLUTTER AND UNNECESSARY ITEMS IN THE BASEMENT. INSTRUCTED TO ELEVATE AND ORGANIZE ALL ITEMS AND REMOVE ALL UNNECESSARY CLUTTER.",41.8500022544271,-87.6930652123198,SUPERMERCADO MI LUPITA,2701 W 23RD ST,POINT (-87.6930652123198 41.8500022544271),29.0,SOUTH LAWNDALE,127998297.867,30.0,30.0,49904.0452102,,,,
Supermercado Santos,4045-4047 W 31St St,TRUE,FALSE,TRUE,CHICAGO,IL,60623.0,2024-11-27,Pass W/ Conditions,"1. PERSON IN CHARGE PRESENT, DEMONSTRATES KNOWLEDGE, AND PERFORMS DUTIES - Comments: OBSERVED NO PERSON IN CHARGE WITH VALID CHICAGO FOOD SANITATION CERTIFICATE.    | 2. CITY OF CHICAGO FOOD SERVICE SANITATION CERTIFICATE - Comments: NOTED ï¿½FACILITY DID NOT PROVIDE A VALID CITY OF CHICAGO FOOD SERVICE SANITATION CERTIFICATE FOR EMPLOYEES WORKING ON SITE. INFORMED A CERTIFIED MANAGER WITH A CURRENT CITY OF CHICAGO CERTIFICATE MUST BE ON PREMISES AT ALL TIMES AND A VALID MUST REMAIN POSTED ON SITE WHENEVER TIME AND TEMPERATURE CONTROL FOR SAFETY(TCS) FOODS ARE BEING PREPARED, HANDLED AND/OR SERVED. PRIORITY FOUNDATION VIOLATION #7-38-012. CITATION ISSUED.  | 10. ADEQUATE HANDWASHING SINKS PROPERLY SUPPLIED AND ACCESSIBLE - Comments: OBSERVED NO PAPER TOWELS IN THE WASHROOM AT THE WASHBOWL SINK. INFORMED PERSON IN CHARGE THAT PAPER TOWELS MUST BE AVAILABLE AT HAND SINKS AT ALL TIMES. FOOD HANDLER OBTAINED PAPER TOWELS FOR HAND SINK DURING TIME OF INSPECTION PRIORITY FOUNDATION VIOLATION #7-38-030(C). CITATION ISSUED. | 49. NON-FOOD/FOOD CONTACT SURFACES CLEAN - Comments: NOTED THE INTERIOR OF THE REACH-IN AND WALK-IN COOLERS IN NEED OF CLEANING. INSTRUCTED TO DETAIL CLEAN.  | 55. PHYSICAL FACILITIES INSTALLED, MAINTAINED & CLEAN - Comments: OBSERVED LOOSE DEBRIS, DIRT AND DUST BUILDUP ON THE FLOORS AND CORNERS THROUGHOUT THE FACILITY. INSTRUCTED TO DETAIL CLEAN AND INCREASE CLEANING FREQUENCY OF FLOORS. MUST MAINTAIN AT ALL TIMES.",41.8367499607579,-87.726132656829,SUPERMERCADO SANTOS,40454047 W 31ST ST,POINT (-87.726132656829 41.8367499607579),29.0,SOUTH LAWNDALE,127998297.867,30.0,30.0,49904.0452102,,,,
Teloloapan Grocery Inc,2101 S California Ave,TRUE,FALSE,TRUE,CHICAGO,IL,60608.0,2021-12-10,Pass,"47. FOOD & NON-FOOD CONTACT SURFACES CLEANABLE, PROPERLY DESIGNED, CONSTRUCTED & USED - Comments: OBSERVED RAW WOOD SHELVING USED IN THE REAR DRY STORAGE ROOM. MUST SEAL, MUST BE SMOOTH AND EASILY CLEANABLE.",41.8536931166832,-87.6953581995544,TELOLOAPAN GROCERY INC,2101 S CALIFORNIA AVE,POINT (-87.6953581995544 41.8536931166832),29.0,SOUTH LAWNDALE,127998297.867,30.0,30.0,49904.0452102,,,,
Varela Grocery,4101 W 25Th St,TRUE,FALSE,FALSE,CHICAGO,IL,60623.0,2014-12-04,Out Of Business,"34. FLOORS: CONSTRUCTED PER CODE, CLEANED, GOOD REPAIR, COVING INSTALLED, DUST-LESS CLEANING METHODS USED - Comments: FLOOR IN CORNERS AND ALONG WALLBASE NEED DETAILED CLEANING, FREE OF DUST ACCUMULATION. | 40. REFRIGERATION AND METAL STEM THERMOMETERS PROVIDED AND CONSPICUOUS - Comments: INTERNAL THERMOMETER MISSING FOR COOLER. PROVIDE SAME. | 41. PREMISES MAINTAINED FREE OF LITTER, UNNECESSARY ARTICLES, CLEANING  EQUIPMENT PROPERLY STORED - Comments: CLUTTER IN BASEMENT. INSTD TO REMOVE ANY UNNECESSAY ARTICLES AND ORGANIZE AREA.",41.8459476850666,-87.7263000549805,VARELA GROCERY,4101 W 25TH ST,POINT (-87.7263000549805 41.8459476850666),29.0,SOUTH LAWNDALE,127998297.867,30.0,30.0,49904.0452102,,,,
Zavala'S Grocery Store Inc,2657 S Kolin Ave,TRUE,FALSE,TRUE,CHICAGO,IL,60623.0,2024-07-15,Pass W/ Conditions,"10. ADEQUATE HANDWASHING SINKS PROPERLY SUPPLIED AND ACCESSIBLE - Comments: OBSERVED NO HANDSOAP AVAILABLE AT THE BUTCHER PREP AREA DURING THE TIME OF INSPECTION. INSTRUCTED TO PROVIDE AND MAINTAIN AT ALL TIMES. PRIORITY FOUNDATION VIOLATION.7-38-030 (c). CITATION ISSUED. PIC PROVIDED AT THIS TIME. | 22. PROPER COLD HOLDING TEMPERATURES - Comments: OBSERVED APPROXIMATELY 50 LBS SAUSAGES AS WELL AS 50 LBS PORK SKIN WITH MEAT ATTACHED HANGING ON POLES RANGING BETWEEN 75F-85F LOCATED IN REAR PREP AREA DURING TIME OF INSPECTION. INSTRUCTED TO HOLD ALL COLD TCS FOOD AT 41F OR BELOW AT ALL TIMES AND MAINTAIN. PRIORITY VIOLATION. #7-38-005. CITATION ISSUED. PERSON IN CHARGE DISCARDED DURING THIS TIME. | 37. FOOD PROPERLY LABELED; ORIGINAL CONTAINER - Comments: OBSERVED CONTAINERS IN THE GROCERY AISLE WITHOUT LABELS (BREADCRUMBS). INSTRUCTED TO PROVIDE AND MAINTAIN | 47. FOOD & NON-FOOD CONTACT SURFACES CLEANABLE, PROPERLY DESIGNED, CONSTRUCTED & USED - Comments: OBSERVED RAW MEAT STORED INSIDE GROCERY BAGS INSIDE WALK-IN COOLER. INSTRUCTED TO FIND FOOD-GRADE BAGS FOR FOOD STORAGE AND MAINTENANCE. | 49. NON-FOOD/FOOD CONTACT SURFACES CLEAN - Comments: OBSERVED INTERIOR SURFACES OF REFRIGERATION UNIT IN BUTCHER PREP AREA WITH EXCESSIVE DRIED FOOD BUILD UP. INSTRUCTED TO REMOVE FROM CRACKS AND CREVICES OF EQUIPMENT.",41.8424234569744,-87.7328725676993,ZAVALAS GROCERY STORE INC,2657 S KOLIN AVE,POINT (-87.7328725676993 41.8424234569744),29.0,SOUTH LAWNDALE,127998297.867,30.0,30.0,49904.0452102,,,,