DBA Name,ADDRESS_CLEAN,IS_JUNK_STORE,IS_REAL_GROCERY,HAS_PRODUCE_FLAG,Address,City,State,Zip,Inspection Date,Results,Violations,Latitude,Longitude,DBA_NAME_CLEAN,geometry,index_right,Community,shape_area,area_num_1,AreaNumber,shape_len,IS_REVIEWED_REAL,REVIEW_NOTES
Lalich Delicatessen,4208 W LAWRENCE AVE,TRUE,FALSE,FALSE,4208 W Lawrence Ave,CHICAGO,IL,60630.0,2025-04-14,No Entry,,41.9682906022065,-87.7333728325857,LALICH DELICATESSEN,POINT (-87.7333728325857 41.9682906022065),13.0,ALBANY PARK,53542230.8191,14.0,14.0,39339.0164387,,
Harvest Food,4949 N ELSTON AVE,TRUE,FALSE,FALSE,4949 N Elston Ave,CHICAGO,IL,60630.0,2025-04-11,Out Of Business,,41.9706513987566,-87.7440612416149,HARVEST FOOD,POINT (-87.7440612416149 41.9706513987566),13.0,ALBANY PARK,53542230.8191,14.0,14.0,39339.0164387,,
Go Mart Inc.,4604 N KEDZIE AVE,TRUE,FALSE,FALSE,4604 N Kedzie Ave,CHICAGO,IL,60625.0,2025-01-17,Pass,,41.9648628665564,-87.708507719744,GO MART INC,POINT (-87.708507719744 41.9648628665564),13.0,ALBANY PARK,53542230.8191,14.0,14.0,39339.0164387,,
Paradise Mart,4809 N CENTRAL PARK AVE,TRUE,FALSE,FALSE,4809 N Central Park Ave,CHICAGO,IL,60625.0,2024-12-02,Pass,,41.9686674216531,-87.7181163211028,PARADISE MART,POINT (-87.7181163211028 41.9686674216531),13.0,ALBANY PARK,53542230.8191,14.0,14.0,39339.0164387,,
Elgeeb Grocery,4805 N PULASKI RD,FALSE,TRUE,FALSE,4805 N Pulaski Rd,CHICAGO,IL,60630.0,2024-11-25,Pass,"55. PHYSICAL FACILITIES INSTALLED, MAINTAINED & CLEAN - Comments: OBSERVED BUTCHER COOLER AT BUTCHER COUTER NO LONGER IN SERVICE. REPAIR AND MAINTAIN OR REMOVED FROM PREMISES. | 55. PHYSICAL FACILITIES INSTALLED, MAINTAINED & CLEAN - Comments: OBSERVED FLOORS UNDER COOLERS UNCLEAN WITH DIRT AND DEBRIS. CLEAN UNDER COOLERS AND MAINTAIN FLOORS UNDER COOLERS AND THROUGHOUT STORE.",41.96840479631,-87.7278855102462,ELGEEB GROCERY,POINT (-87.7278855102462 41.96840479631),13.0,ALBANY PARK,53542230.8191,14.0,14.0,39339.0164387,,
Feyrous Pastries,45084510 N KEDZIE AVE,TRUE,FALSE,FALSE,4508-4510 N Kedzie Ave,CHICAGO,IL,60625.0,2024-11-25,Pass,,41.9633191594931,-87.7084599275707,FEYROUS PASTRIES,POINT (-87.7084599275707 41.9633191594931),13.0,ALBANY PARK,53542230.8191,14.0,14.0,39339.0164387,,
Rangoli Parlour,3834 W LAWRENCE AVE,TRUE,FALSE,FALSE,3834 W Lawrence Ave,CHICAGO,IL,60625.0,2024-09-27,Out Of Business,,41.968389011033,-87.7246035923604,RANGOLI PARLOUR,POINT (-87.7246035923604 41.968389011033),13.0,ALBANY PARK,53542230.8191,14.0,14.0,39339.0164387,,
Yakup Bey Uri,46404642 N KEDZIE AVE,TRUE,FALSE,FALSE,4640-4642 N Kedzie Ave,CHICAGO,IL,60625.0,2024-09-20,Pass,"38. INSECTS, RODENTS, & ANIMALS NOT PRESENT - Comments: 6-202.15--OBSERVED REAR EXIT DOOR WITH GAP OPENING APPROX:1/4"" AT BOTTOM OF DOOR.INSTRUCTED TO PEST PROOF SAID DOOR AND MAINTAIN. | 55. PHYSICAL FACILITIES INSTALLED, MAINTAINED & CLEAN - Comments: 6-201.11--OBSERVED WARPED,LOOSE FLOORING IN REAR DISHWASHING AREA.INSTRUCTED TO REPAIR SO THAT FLOOR IS SMOOTH,EASILY CLEANABLE SURFACES AND MAINTAIN.",41.9658473322182,-87.7085418868916,YAKUP BEY URI,POINT (-87.7085418868916 41.9658473322182),13.0,ALBANY PARK,53542230.8191,14.0,14.0,39339.0164387,,
Aadhya Grocery Store,3951 W LAWRENCE AVE,TRUE,FALSE,FALSE,3951 W Lawrence Ave,CHICAGO,IL,60625.0,2024-05-21,Pass,56. ADEQUATE VENTILATION & LIGHTING; DESIGNATED AREAS USED - Comments: 6-304.11--OBSERVED NO MECHANICAL VENTILATION IN EMPLOYEE TOILET ROOM. INSTRUCTED TO PROVIDE AND MAINTAIN MECHANICAL VENTILATION AT ALL TIMES.,41.9681369468296,-87.7276533253596,AADHYA GROCERY STORE,POINT (-87.7276533253596 41.9681369468296),13.0,ALBANY PARK,53542230.8191,14.0,14.0,39339.0164387,,
El Cangrejo Guayaco Llc,4749 N ALBANY AVE,TRUE,FALSE,FALSE,4749 N Albany Ave,CHICAGO,IL,60625.0,2024-04-02,Pass,,41.96810420178010,-87.7058715155055,EL CANGREJO GUAYACO LLC,POINT (-87.7058715155055 41.96810420178009),13.0,ALBANY PARK,53542230.8191,14.0,14.0,39339.0164387,,
Mounsef International,4738 N KEDZIE AVE,TRUE,FALSE,FALSE,4738 N Kedzie Ave,CHICAGO,IL,60625.0,2024-03-12,Pass,"55. PHYSICAL FACILITIES INSTALLED, MAINTAINED & CLEAN - Comments: 6-501.114--OBSERVED CLUTTERED CONDITIONS IN FRONT OF THE REAR WALK-IN-FREEZER AND OUTSIDE ARE NEXT TO IT BEHIND THE STORE.INSTRUCTED TO DETAILED CLEAN THE AREAS, REMOVE THE CLUTTER AND MAINTAIN CLEAN AND UNOBSTRUCTED AT ALL TIMES DUE TO POTENTIAL PEST HARBORAGE.",41.9677930872174,-87.7086027049243,MOUNSEF INTERNATIONAL,POINT (-87.7086027049243 41.9677930872174),13.0,ALBANY PARK,53542230.8191,14.0,14.0,39339.0164387,,
Jay Madi Grocery,3959 W LAWRENCE AVE,FALSE,TRUE,FALSE,3959 W Lawrence Ave,CHICAGO,IL,60625.0,2024-02-20,Pass W/ Conditions,"5. PROCEDURES FOR RESPONDING TO VOMITING AND DIARRHEAL EVENTS - Comments: OBSERVED NO PROCEDURE/PLAN FOR RESPONDING TO VOMITING AND DIARRHEAL EVENTS. INSTRUCTED TO PROVIDE AND MAINTAIN REQUIRED PROCEDURE/PLAN AND APPROPRIATE SUPPLIES OR KIT.(NECESSARY ITEMS AT A MINIMUM: GLOVES, FACE MASKS, DISPOSABLE MOPS AND APPROPRIATE SANITIZER/SPRAY THAT IS EFFECTVE AGAINST NOROVIRUS). PRIORITY FOUNDATION VIOLATION 7-38-005. | 51. PLUMBING INSTALLED; PROPER BACKFLOW DEVICES - Comments: BACKFLOW PREVENTION DEVICE NOT LOCATED AT UTILITY MOP SINK.MUST INSTALL SO BACKFLOW PREVENTION DEVICE MAY BE LOCATED TO BE SERVICED AND MAINTAINED. | 53. TOILET FACILITIES: PROPERLY CONSTRUCTED, SUPPLIED, & CLEANED - Comments: OBSERVED NO COVERED WASTE RECEPTACLE PROVIDED IN THE UNISEX WASHROOM.MUST PROVIDE AND MAINTAIN. | 55. PHYSICAL FACILITIES INSTALLED, MAINTAINED & CLEAN - Comments: OBSERVED UNNECESSARY 3-COMPARTMENT SINK AND HAND SINK IN THE REAR STORAGE AREA.INSTRUCTED TO COMPLETELY REMOVE ALSO,REMOVE CLUTTERED CONDITIONS FROM THE REAR STORAGE ROOM AND FRONT CLOSET STORAGE AND ELEVATE STOCK ITEMS IN SAME ROOM AT LEAST 6"" INCHES OFF THE FLOOR FOR EASIER CLEANING AND MAINTAIN. | 55. PHYSICAL FACILITIES INSTALLED, MAINTAINED & CLEAN - Comments: OBSERVED DIRTY FLOORS WITH DUSTS AND DEBRIS SPILLAGE ALL ALONG THE WALLS AND IN ALL CORNERS THROUGHOUT THE PREMISES.INSTRUCTED TO CLEAN FLOORS IN DETAIL AND MAINTAIN.",41.9681333106261,-87.7279644284487,JAY MADI GROCERY,POINT (-87.7279644284487 41.9681333106261),13.0,ALBANY PARK,53542230.8191,14.0,14.0,39339.0164387,,
Sm Facil Envios Corporation,3037 W LAWRENCE AVE,TRUE,FALSE,FALSE,3037 W Lawrence Ave,CHICAGO,IL,60625.0,2023-02-17,Pass,51. PLUMBING INSTALLED; PROPER BACKFLOW DEVICES - Comments:  5-203.13 OBSERVED NO MOP SINK PREMISES. MANAGER INSTALLED UTLITY SINK IN BATHROOM IN PLACE OF HAND WASHING SINK. INFORMED MANAGER THAT THE 1 SINK IN BATHROOM MUST BE USED FOR HANDWASHING ONLY. INSTRUCTED MANAGER TO INSTALL MOP SINK SEPERATE FROM HAND WASHING SINK.,41.9683721752908,-87.7051038214313,SM FACIL ENVIOS CORPORATION,POINT (-87.7051038214313 41.9683721752908),13.0,ALBANY PARK,53542230.8191,14.0,14.0,39339.0164387,,
Getir,4740 N PULASKI RD,TRUE,FALSE,FALSE,4740 N Pulaski Rd,CHICAGO,IL,60630.0,2022-10-11,Pass,"38. INSECTS, RODENTS, & ANIMALS NOT PRESENT - Comments: FOUND FRONT DOOR NOT PROPERLY SEALED. FOUND 1/4 INCH GAP AT BOTTOM AND IN BETWEEN BOTH DOORS. MUST SEAL TO PREVENT PEST ENTRANCE.",41.967602262194,-87.7281561888061,GETIR,POINT (-87.7281561888061 41.967602262194),13.0,ALBANY PARK,53542230.8191,14.0,14.0,39339.0164387,,
Romero'S In Bloom,4751 N PULASKI RD,TRUE,FALSE,FALSE,4751 N Pulaski Rd,CHICAGO,IL,60630.0,2022-09-08,Pass,"51. PLUMBING INSTALLED; PROPER BACKFLOW DEVICES - Comments: FOUND NO MOP SINK WITH VACUUM BREAKER AT PREMISES. MUST PROVIDE. | 53. TOILET FACILITIES: PROPERLY CONSTRUCTED, SUPPLIED, & CLEANED - Comments: FOUND NO SELF CLOSING DOORS AT RESTROOM. MUST PROVIDE.  | 56. ADEQUATE VENTILATION & LIGHTING; DESIGNATED AREAS USED - Comments: FOUND NO EXHAUST VENT AT RESTROOM. MUST PROVIDE.",41.9679471115295,-87.7278713645581,ROMEROS IN BLOOM,POINT (-87.7278713645581 41.9679471115295),13.0,ALBANY PARK,53542230.8191,14.0,14.0,39339.0164387,,
"Gourmet Gram,Filet Gram & Gram",4664 N LOWELL AVE,FALSE,TRUE,FALSE,4664 N Lowell Ave,CHICAGO,IL,60630.0,2022-06-17,Out Of Business,,41.96622832546,-87.7366812356965,GOURMET GRAMFILET GRAM GRAM,POINT (-87.7366812356965 41.96622832546),13.0,ALBANY PARK,53542230.8191,14.0,14.0,39339.0164387,,
"Doordash Essentials, Llc",4455 N ELSTON AVE,TRUE,FALSE,FALSE,4455 N Elston Ave,CHICAGO,IL,60630.0,2022-01-20,Out Of Business,,41.9620617382161,-87.7311242902521,DOORDASH ESSENTIALS LLC,POINT (-87.7311242902521 41.9620617382161),13.0,ALBANY PARK,53542230.8191,14.0,14.0,39339.0164387,,
Wilson & Kedzie Food,4553 N KEDZIE AVE,FALSE,TRUE,FALSE,4553 N Kedzie Ave,CHICAGO,IL,60625.0,2021-05-14,Pass,,41.964560982284500,-87.708203531794,WILSON KEDZIE FOOD,POINT (-87.708203531794 41.964560982284496),13.0,ALBANY PARK,53542230.8191,14.0,14.0,39339.0164387,,
Ryan Foods Store,4900 N PULASKI RD,FALSE,TRUE,FALSE,4900 N Pulaski Rd,CHICAGO,IL,60630.0,2020-10-27,Pass,51. PLUMBING INSTALLED; PROPER BACKFLOW DEVICES - Comments: 5-203.13  OBSERVED NO MOP SINK ON THE PREMISES. MANAGEMENT INSTRUCTED TO INSTALL.  | 56. ADEQUATE VENTILATION & LIGHTING; DESIGNATED AREAS USED - Comments: 6-304.11  OBSERVED NO VENTILATION FAN IN THE WASHROOM. MANAGEMENT INSTRUCTED TO INSTALL.,41.9701523763883,-87.7282304079198,RYAN FOODS STORE,POINT (-87.7282304079198 41.9701523763883),13.0,ALBANY PARK,53542230.8191,14.0,14.0,39339.0164387,,
Target Store T3314,4631 W FOSTER AVE,FALSE,TRUE,FALSE,4631 W Foster Ave,CHICAGO,IL,60630.0,2020-10-06,Pass,43. IN-USE UTENSILS: PROPERLY STORED - Comments: 3-304.12  OBSERVED THE ICE SCOOP STORED ON TOP OF THE ICE MACHINE. MANAGEMENT INSTRUCTED TO STORE THE ICE SCOOP IN A CLEAN CONTAINER OUTSIDE OF THE ICE BIN.,41.9752598896149,-87.7442136773505,TARGET STORE T3314,POINT (-87.7442136773505 41.9752598896149),13.0,ALBANY PARK,53542230.8191,14.0,14.0,39339.0164387,,
Kirin Antler Trading Co,4113 W LAWRENCE AVE,TRUE,FALSE,FALSE,4113 W Lawrence Ave,CHICAGO,IL,60630.0,2020-05-19,Out Of Business,,41.9680974103484,-87.7310591586185,KIRIN ANTLER TRADING CO,POINT (-87.7310591586185 41.9680974103484),13.0,ALBANY PARK,53542230.8191,14.0,14.0,39339.0164387,,
Nick  Pantry,4403 N ELSTON AVE,TRUE,FALSE,FALSE,4403 N Elston Ave,CHICAGO,IL,60630.0,2020-03-27,Pass W/ Conditions,"5. PROCEDURES FOR RESPONDING TO VOMITING AND DIARRHEAL EVENTS - Comments: FOUND NO PROCEDURE/PLAN FOR RESPONDING TO VOMITING AND DIARRHEAL EVENTS. INSTRUCTED TO PROVIDE AND MAINTAIN REQUIRED PROCEDURE/PLAN AND APPROPRIATE SUPPLIES OR KIT. (NECESSARY ITEMS AT A MINIMUM: GLOVES, FACE MASKS, DISPOSABLE MOPS AND APPROPRIATE SANITIZER/SPRAY THAT KILLS NOROVIRUS).PRIORITY FOUNDATION VIOLATION 7-38-005,NO CITATION ISSUED. | 36. THERMOMETERS PROVIDED & ACCURATE - Comments: INSTRUCTED TO REPLACE BROKEN THERMOMETER INSIDE THE MILK 2 DOOR STAND-UP COOLER AND TO MAINTAIN. | 38. INSECTS, RODENTS, & ANIMALS NOT PRESENT - Comments: INSTRUCTED TO REMOVE GLUE BOARDS WITH DEAD INSECTS ON FLOOR ALONG REAR OF REFRIGERATION UNITS WHERE NOTED TO MANAGEMENT AND TO MAINTAIN. | 49. NON-FOOD/FOOD CONTACT SURFACES CLEAN - Comments: INSTRUCTED TO DETAIL CLEAN AND MAINTAIN INTERIORS OF COOLERS AND GROCERY DISPLAY SHELVINGS THROUGHOUT TO REMOVE FOOD DEBRIS SPILLS AND STAINS AND DUSTS. | 55. PHYSICAL FACILITIES INSTALLED, MAINTAINED & CLEAN - Comments: INSTRUCTED TO DETAIL CLEAN AND ORGANIZE AND MAINTAIN REAR STORAGE ROOMS AND REMOVE UNNECESSARY ARTICLES DUE TO POTENTIAL PEST HARBORAGE AND ELEVATE STOCK ITEMS AT LEAST 6"" INCHES OFF THE FLOOR FOR EASIER CLEANING. | 55. PHYSICAL FACILITIES INSTALLED, MAINTAINED & CLEAN - Comments: INSTRUCTED TO REPLACE WATER STAINED CEILING TILES IN CUSTOMER GROCERY AREAS AND REAR STORAGE ROOMS AND TO MAINTAIN. | 55. PHYSICAL FACILITIES INSTALLED, MAINTAINED & CLEAN - Comments: INSTRUCTED TO PROVIDE MISSING FLOOR TILES AROUND TOILET INSIDE THE WASH ROOM AND DETAIL CLEAN FLOORS ALONG WALLS AND IN ALL CORNERS ESPECIALLY UNDERNEATH ALL THE GROCERY DISPLAY SHELFS THROUGHOUT TO REMOVE EXCESSIVE DEBRIS AND DUSTS AND TO MAINTAIN.",41.9611220863781,-87.7297594474932,NICK PANTRY,POINT (-87.7297594474932 41.9611220863781),13.0,ALBANY PARK,53542230.8191,14.0,14.0,39339.0164387,,
Puebla Ice Cream,4601 N ELSTON AVE,TRUE,FALSE,FALSE,4601 N Elston Ave,CHICAGO,IL,60630.0,2020-03-27,Out Of Business,,41.964682873338,-87.7349339965293,PUEBLA ICE CREAM,POINT (-87.7349339965293 41.964682873338),13.0,ALBANY PARK,53542230.8191,14.0,14.0,39339.0164387,,
Lawrence Grocers,4111 W LAWRENCE AVE,FALSE,TRUE,FALSE,4111 W Lawrence Ave,CHICAGO,IL,60630.0,2020-03-24,Out Of Business,,41.968098637821,-87.7309722516531,LAWRENCE GROCERS,POINT (-87.7309722516531 41.968098637821),13.0,ALBANY PARK,53542230.8191,14.0,14.0,39339.0164387,,
Seattle Suttons Healthy Eating,2946 W MONTROSE AVE,FALSE,TRUE,FALSE,2946 W Montrose Ave,CHICAGO,IL,60618.0,2020-03-20,Out Of Business,,41.9613324190276,-87.7027844262786,SEATTLE SUTTONS HEALTHY EATING,POINT (-87.7027844262786 41.9613324190276),13.0,ALBANY PARK,53542230.8191,14.0,14.0,39339.0164387,,
Isla Tropical,3736 W LAWRENCE AVE,TRUE,FALSE,FALSE,3736 W Lawrence Ave,CHICAGO,IL,60625.0,2018-07-18,Pass W/ Conditions,"3. MANAGEMENT, FOOD EMPLOYEE AND CONDITIONAL EMPLOYEE; KNOWLEDGE, RESPONSIBILITIES AND REPORTING - Comments: NO HEALTH POLICY ON SITE.  PF 2-102.14(A), 7-38-012(A), NO CITATION ISSUED. | 5. PROCEDURES FOR RESPONDING TO VOMITING AND DIARRHEAL EVENTS - Comments: NO WRITTEN PROCEDURES FOR CLEANING AFTER A PATRON OR EMPLOYEE EXPERIENCES VOMITING AND/OR DIARRHEA. MUST DEVELOP WRITTEN PROCEDURES.  PF 2-501.11(A0 7-38-005 NO CITATION ISSUED.",41.968415865493,-87.7221386557499,ISLA TROPICAL,POINT (-87.7221386557499 41.968415865493),13.0,ALBANY PARK,53542230.8191,14.0,14.0,39339.0164387,,
Eagle Fruit & Grocery Co,302325 W LAWRENCE AVE,FALSE,TRUE,FALSE,3023-25 W Lawrence Ave,CHICAGO,IL,60625.0,2017-12-18,Pass,"32. FOOD AND NON-FOOD CONTACT SURFACES PROPERLY DESIGNED, CONSTRUCTED AND MAINTAINED - Comments: INSTRUCTED TO REMOVE EXCESSIVE ICE BUILD-UP INSIDE THE ICE CREAM FREEZER AND MAINTAIN. | 33. FOOD AND NON-FOOD CONTACT EQUIPMENT UTENSILS CLEAN, FREE OF ABRASIVE DETERGENTS - Comments: DETAIL CLEAN FAN COVERS AND SHELVINGS INSIDE THE WALK-IN-COOLER AND MAINTAIN. | 41. PREMISES MAINTAINED FREE OF LITTER, UNNECESSARY ARTICLES, CLEANING  EQUIPMENT PROPERLY STORED - Comments: INSTRUCTED TO ELEVATE STOCK ITEMS/SUPPLIES AT LEAST 6"" INCHES OFF THE FLOOR/WALL FOR EASIER CLEANING AND MAINTAIN.",41.9683780078765,-87.7045143936341,EAGLE FRUIT GROCERY CO,POINT (-87.7045143936341 41.9683780078765),13.0,ALBANY PARK,53542230.8191,14.0,14.0,39339.0164387,,
Una Colleccion De Hierbas Chinas Para El Dolor,3123 W LAWRENCE AVE,TRUE,FALSE,FALSE,3123 W Lawrence Ave,CHICAGO,IL,60625.0,2017-12-12,Out Of Business,,41.9683571361539,-87.7070246986826,UNA COLLECCION DE HIERBAS CHINAS PARA EL DOLOR,POINT (-87.7070246986826 41.9683571361539),13.0,ALBANY PARK,53542230.8191,14.0,14.0,39339.0164387,,
Galaxy Mart,44114413 N KEDZIE AVE,TRUE,FALSE,FALSE,4411-4413 N Kedzie Ave,CHICAGO,IL,60625.0,2017-11-28,Out Of Business,,41.961517832758,-87.7081112928686,GALAXY MART,POINT (-87.7081112928686 41.961517832758),13.0,ALBANY PARK,53542230.8191,14.0,14.0,39339.0164387,,
Dong Won Herbs,4149 W LAWRENCE AVE,TRUE,FALSE,FALSE,4149 W Lawrence Ave,CHICAGO,IL,60630.0,2017-11-28,No Entry,,41.968081385155,-87.7325074805102,DONG WON HERBS,POINT (-87.7325074805102 41.968081385155),13.0,ALBANY PARK,53542230.8191,14.0,14.0,39339.0164387,,
Three R Food,27122714 W MONTROSE AVE,TRUE,FALSE,FALSE,2712-2714 W Montrose Ave,CHICAGO,IL,60618.0,2017-10-24,Out Of Business,,41.9613709450297,-87.6966693473975,THREE R FOOD,POINT (-87.6966693473975 41.9613709450297),13.0,ALBANY PARK,53542230.8191,14.0,14.0,39339.0164387,,
Ali Baba Gifts & Grocery Inc.,4215 W LAWRENCE AVE,FALSE,TRUE,FALSE,4215 W Lawrence Ave,CHICAGO,IL,60630.0,2017-10-23,Out Of Business,,41.9680687621779,-87.7336254579343,ALI BABA GIFTS GROCERY INC,POINT (-87.7336254579343 41.9680687621779),13.0,ALBANY PARK,53542230.8191,14.0,14.0,39339.0164387,,
Don De Vida,3543 W LAWRENCE AVE,TRUE,FALSE,FALSE,3543 W Lawrence Ave,CHICAGO,IL,60625.0,2017-10-16,Out Of Business,,41.9682485470605,-87.7175632405124,DON DE VIDA,POINT (-87.7175632405124 41.9682485470605),13.0,ALBANY PARK,53542230.8191,14.0,14.0,39339.0164387,,
Sunnyside Stop,4501 N KEDZIE AVE,TRUE,FALSE,FALSE,4501 N Kedzie Ave,CHICAGO,IL,60625.0,2017-03-16,Pass,"34. FLOORS: CONSTRUCTED PER CODE, CLEANED, GOOD REPAIR, COVING INSTALLED, DUST-LESS CLEANING METHODS USED - Comments: Observed floors throughout premises not cleaned: under and around equipment and fixtures and along walls. Instructed facility to clean in detail and maintain.  | 38. VENTILATION: ROOMS AND EQUIPMENT VENTED AS REQUIRED: PLUMBING: INSTALLED AND MAINTAINED - Comments: Observed mop sink has no backflow prevention device.Instructed to install and maintain.",41.9631006198272,-87.7081575354774,SUNNYSIDE STOP,POINT (-87.7081575354774 41.9631006198272),13.0,ALBANY PARK,53542230.8191,14.0,14.0,39339.0164387,,
B Mart,3756 W MONTROSE AVE,TRUE,FALSE,FALSE,3756 W Montrose Ave,CHICAGO,IL,60618.0,2016-10-31,Pass,"33. FOOD AND NON-FOOD CONTACT EQUIPMENT UTENSILS CLEAN, FREE OF ABRASIVE DETERGENTS - Comments: MUST DETAIL CLEAN AND SANITIZE ALL INTERIOR SHELVING OF ALL REFRIGERATORS AND 2-SLIDING DOOR COOLERS TO REMOVE SPILLS AND FOOD SPLASHES. | 34. FLOORS: CONSTRUCTED PER CODE, CLEANED, GOOD REPAIR, COVING INSTALLED, DUST-LESS CLEANING METHODS USED - Comments: MUST DETAIL CLEAN AND SANITIZE ENTIRE FACILITY AT ALL FLOOR CORNERS TO REMOVE DEBRI AND DUST.ALSO INSIDE THE WALK-IN COOLER. | 35. WALLS, CEILINGS, ATTACHED EQUIPMENT CONSTRUCTED PER CODE: GOOD REPAIR, SURFACES CLEAN AND DUST-LESS CLEANING METHODS - Comments: MUST DETAIL CLEAN ALL WALLS AND CEILINGS THROUGHOUT THE ENTIRE STORE TOR REMOVE DUST, DEBRI AND FOUL ODOR THROUGHOUT STORE.",41.9611204141006,-87.7227920198767,B MART,POINT (-87.7227920198767 41.9611204141006),13.0,ALBANY PARK,53542230.8191,14.0,14.0,39339.0164387,,
"Joony Mart , Inc.",4947 N KEDZIE AVE,TRUE,FALSE,FALSE,4947 N Kedzie Ave,CHICAGO,IL,60625.0,2016-09-08,Pass,"32. FOOD AND NON-FOOD CONTACT SURFACES PROPERLY DESIGNED, CONSTRUCTED AND MAINTAINED - Comments: FOUND SINK NOT CLEAN AT REAR OF PREMISES. MUST CLEAN AND SANITIZE. | 34. FLOORS: CONSTRUCTED PER CODE, CLEANED, GOOD REPAIR, COVING INSTALLED, DUST-LESS CLEANING METHODS USED - Comments: FOUND FLOORS NOT CLEAN AT FRONT OF PREMISES BY WINDOWS. MUST CLEAN AND SANITIZE.",41.9716644232015,-87.7084172231234,JOONY MART INC,POINT (-87.7084172231234 41.9716644232015),13.0,ALBANY PARK,53542230.8191,14.0,14.0,39339.0164387,,
The Pita House Bakery,3441 W LAWRENCE AVE,TRUE,FALSE,FALSE,3441 W Lawrence Ave,CHICAGO,IL,60625.0,2016-06-09,Out Of Business,,41.9682737576916,-87.7150390070548,THE PITA HOUSE BAKERY,POINT (-87.7150390070548 41.9682737576916),13.0,ALBANY PARK,53542230.8191,14.0,14.0,39339.0164387,,
Lawrence Grocery & Meat,3616 W LAWRENCE AVE,FALSE,TRUE,FALSE,3616 W Lawrence Ave,CHICAGO,IL,60625.0,2016-04-13,Pass,,41.9684491257638,-87.7189939541921,LAWRENCE GROCERY MEAT,POINT (-87.7189939541921 41.9684491257638),13.0,ALBANY PARK,53542230.8191,14.0,14.0,39339.0164387,,
Seamos Felices,3644 W LAWRENCE AVE,TRUE,FALSE,FALSE,3644 W Lawrence Ave,CHICAGO,IL,60625.0,2015-12-17,Out Of Business,,41.968439078876,-87.7200880031597,SEAMOS FELICES,POINT (-87.7200880031597 41.968439078876),13.0,ALBANY PARK,53542230.8191,14.0,14.0,39339.0164387,,
Meldi Grocery Store Inc.,3838 W LAWRENCE AVE,FALSE,TRUE,FALSE,3838 W Lawrence Ave,CHICAGO,IL,60625.0,2015-08-11,Pass,,41.9683875617269,-87.724759540125,MELDI GROCERY STORE INC,POINT (-87.724759540125 41.9683875617269),13.0,ALBANY PARK,53542230.8191,14.0,14.0,39339.0164387,,
Hadaya,463537 N KEDZIE AVE,TRUE,FALSE,FALSE,4635-37 N Kedzie Ave,CHICAGO,IL,60625.0,2015-01-21,Pass,"40. REFRIGERATION AND METAL STEM THERMOMETERS PROVIDED AND CONSPICUOUS - Comments: MUST PROVIDE THERMOMETER INSIDE REACH IN COOLER,",41.9657245379537,-87.7082435019611,HADAYA,POINT (-87.7082435019611 41.9657245379537),13.0,ALBANY PARK,53542230.8191,14.0,14.0,39339.0164387,,
Blanz Pantry,4632 N KEDZIE AVE,TRUE,FALSE,FALSE,4632 N Kedzie Ave,CHICAGO,IL,60625.0,2014-10-07,Pass,,41.965676245824,-87.708536119944,BLANZ PANTRY,POINT (-87.708536119944 41.965676245824),13.0,ALBANY PARK,53542230.8191,14.0,14.0,39339.0164387,,
Dona Maris #2,3518 W MONTROSE AVE,TRUE,FALSE,FALSE,3518 W Montrose Ave,CHICAGO,IL,60618.0,2014-09-04,Out Of Business,,41.9611979396509,-87.7164129559992,DONA MARIS 2,POINT (-87.7164129559992 41.9611979396509),13.0,ALBANY PARK,53542230.8191,14.0,14.0,39339.0164387,,
A. P. Convenient,3751 W LAWRENCE AVE,TRUE,FALSE,FALSE,3751 W Lawrence Ave,CHICAGO,IL,60625.0,2014-08-14,Pass W/ Conditions,"11. ADEQUATE NUMBER, CONVENIENT, ACCESSIBLE, DESIGNED, AND MAINTAINED - Comments: EXPOSED HANDSINK NOT INSTALLED ON PREMISES. ESTABLISHMENT IS SERVING NACHOS AND CHEESE. NACHO CHIPS IS STORED IN BULK STORAGE CONTAINERS ON DISPLAY ON COUNTER AND CHEESE IN 1 GALLON CONTAINERS THAT HAS TO BE OPENED, PLACED IN CONTAINER AND HEATED. INSTRUCTED THAT EXPOSED HANDSINK MUST BE INSTALL IF PREMISES IS SERVING AND HANDLING OPEN FOODS OR NACHO MACHINE AND CHEESE MUST BE REMOVED FROM PREMISES. CRITICAL CITATION ISSUED 7-38-030. | 13. NO EVIDENCE OF RODENT OR INSECT INFESTATION, NO BIRDS, TURTLES OR OTHER ANIMALS - Comments: EVIDENCE OF LIVE ANIMALS ON PREMISES. OBSERVED TWO LIVE RABBITS ON PREMISES INSIDE CAGE THAT IS LISTED FOR SALE. INSTRUCTED THAT PREMISES IS ONLY LICENSED FOR RETAIL FOOD AND NOT FOR LIVE ANIMALS TO BE STORED ON PREMISES FOR SELL. INSTRUCTED MANAGER THAT LIVE RABBITS MUST BE REMOVED FROM PREMISES AND CAN NOT BE STORED ON PREMISES FOR SELL. CRITICAL CITATION ISSUED 7-38-020. | 33. FOOD AND NON-FOOD CONTACT EQUIPMENT UTENSILS CLEAN, FREE OF ABRASIVE DETERGENTS - Comments: SINKS, COOLERS, SHELVES, AND STORAGE RACKS NOT CLEAN. INSTRUCTED TO DETAIL CLEAN AND SANITIZE ALL FOOD CONTACT SURAFCES. | 34. FLOORS: CONSTRUCTED PER CODE, CLEANED, GOOD REPAIR, COVING INSTALLED, DUST-LESS CLEANING METHODS USED - Comments: FLOOR ALONG WALLBASE AND BEHIND STORAGE RACKS NOT CLEAN. INSTRUCTED TO DETAIL CLEAN DAILY. | 35. WALLS, CEILINGS, ATTACHED EQUIPMENT CONSTRUCTED PER CODE: GOOD REPAIR, SURFACES CLEAN AND DUST-LESS CLEANING METHODS - Comments: CEILING TILE AND WALLS NOT MAINTAINED IN DISPLAY AREA. INSTRUCTED TO REPLACE DAMAGED CEILING TILE AND REPAIR WALLS AND RESEAL SURAFCE. | 40. REFRIGERATION AND METAL STEM THERMOMETERS PROVIDED AND CONSPICUOUS - Comments: THERMOMETER NOT VISIBLE INSIDE COOLERS. INSTRUCTED TO HAVE THERMOMETER CONSPICUOUS INSIDE ALL COOLERS. | 41. PREMISES MAINTAINED FREE OF LITTER, UNNECESSARY ARTICLES, CLEANING  EQUIPMENT PROPERLY STORED - Comments: UNNECESSARY ARTICLES STORED IN REAR. INSTRUCTED TO REMOVE ALL UNUSED ARTICLES AND ELEVATE SUPPLIES 6 INCHES OR HIGHER AND AWAY FROM WALL.",41.9681889123139,-87.7227850009632,A P CONVENIENT,POINT (-87.7227850009632 41.9681889123139),13.0,ALBANY PARK,53542230.8191,14.0,14.0,39339.0164387,,
Nutrimax,3332 W MONTROSE AVE,TRUE,FALSE,FALSE,3332 W Montrose Ave,CHICAGO,IL,60618.0,2014-04-07,Out Of Business,,41.9612512620958,-87.7120521820261,NUTRIMAX,POINT (-87.7120521820261 41.9612512620958),13.0,ALBANY PARK,53542230.8191,14.0,14.0,39339.0164387,,
Lindo Michoacan,3142 W LAWRENCE AVE,TRUE,FALSE,FALSE,3142 W Lawrence Ave,CHICAGO,IL,60625.0,2014-01-21,Out Of Business,,41.9685727721239,-87.707787701272,LINDO MICHOACAN,POINT (-87.707787701272 41.9685727721239),13.0,ALBANY PARK,53542230.8191,14.0,14.0,39339.0164387,,
Bharat Bazaar,3900 W LAWRENCE AVE,TRUE,FALSE,FALSE,3900 W Lawrence Ave,CHICAGO,IL,60625.0,2014-01-15,Pass,,41.968375954701,-87.7256609417821,BHARAT BAZAAR,POINT (-87.7256609417821 41.968375954701),13.0,ALBANY PARK,53542230.8191,14.0,14.0,39339.0164387,,
"Jasmine Food & Grocery, Inc.",3232 W LAWRENCE AVE,TRUE,FALSE,FALSE,3232 W Lawrence Ave,CHICAGO,IL,60625.0,2013-05-29,Pass,"33. FOOD AND NON-FOOD CONTACT EQUIPMENT UTENSILS CLEAN, FREE OF ABRASIVE DETERGENTS - Comments: DEBRIS AND DUST BUILD-UP ON EQUIPMENT; INSTRUCTED TO CLEAN/SANITIZE; COOLERS, FREEZER, DISPLAY SHELVES, STORAGE CASES, MOP SINK, TOILET BOWL AND HAND WASHING BOWL IN WASHROOM. | 34. FLOORS: CONSTRUCTED PER CODE, CLEANED, GOOD REPAIR, COVING INSTALLED, DUST-LESS CLEANING METHODS USED - Comments: DEBRIS AND DUST BUILD-UP ON FLOORS, ALSO FLOORS IN POOR REPAIR, BROKEN AREAS OF FLOORS AND MISSING AND BROKEN FLOOR TILES THRU-OUT PREMISES; INSTRUCTED TO REPAIR FLOORS, REPLACE MISSING AND BROKEN TILES AND DETAIL CLEAN FLOORS; UNDER, BEHIND EQUIPMENT AT CORNERS AND ALONG WALLS. | 35. WALLS, CEILINGS, ATTACHED EQUIPMENT CONSTRUCTED PER CODE: GOOD REPAIR, SURFACES CLEAN AND DUST-LESS CLEANING METHODS - Comments: WALLS IN POOR REPAIR, BROKEN PANELS THRU-OUT REAR STORAGE ROOM AND MISSING AND DAMAGED CEILING PANELS; INSTRUCTED TO REPAIR WALLS, SEAL OPENINGS TO PREVENT PEST ENTRY AND REPLACE CEILING PANELS. | 38. VENTILATION: ROOMS AND EQUIPMENT VENTED AS REQUIRED: PLUMBING: INSTALLED AND MAINTAINED - Comments: HAND WASHING BOWL FAUCET BROKEN IN WASHROOM; INSTRUCTED TO REPLACE AND PROVIDE ADEQUATE WATER PRESSURE FOR SAME SINK.  | 40. REFRIGERATION AND METAL STEM THERMOMETERS PROVIDED AND CONSPICUOUS - Comments: NO THERMOMETER FOR MILK COOLER; INSTRUCTED TO PROVIDE A THERMOMETER. | 41. PREMISES MAINTAINED FREE OF LITTER, UNNECESSARY ARTICLES, CLEANING  EQUIPMENT PROPERLY STORED - Comments: CLUTTER THRU-OUT PREMISES; INSTRUCTED TO REMOVE UNNECESSARY ARTICLES, CLEAN AND ORGANIZE TO PREVENT PEST HARBORAGE. ARTICLES MUST BE STORED OFF FLOORS, AWAY FROM WALLS.",41.9685476793585,-87.709836325901,JASMINE FOOD GROCERY INC,POINT (-87.709836325901 41.9685476793585),13.0,ALBANY PARK,53542230.8191,14.0,14.0,39339.0164387,,
The Corner Lot Grocery,2822 W MONTROSE AVE,TRUE,FALSE,FALSE,2822 W Montrose Ave,CHICAGO,IL,60618.0,2013-03-05,Pass,38. VENTILATION: ROOMS AND EQUIPMENT VENTED AS REQUIRED: PLUMBING: INSTALLED AND MAINTAINED - Comments: NO VENTILATION IN THE WASHROOM. INSTRUCTED TO INSTALL VENTILATION.,41.9613525415788,-87.6995382297285,THE CORNER LOT GROCERY,POINT (-87.6995382297285 41.9613525415788),13.0,ALBANY PARK,53542230.8191,14.0,14.0,39339.0164387,,
Balkan Flavor Inc,3752 W MONTROSE AVE,TRUE,FALSE,FALSE,3752 W Montrose Ave,CHICAGO,IL,60618.0,2012-07-19,Out Of Business,,41.961122688553100,-87.7226343963534,BALKAN FLAVOR INC,POINT (-87.7226343963534 41.961122688553104),13.0,ALBANY PARK,53542230.8191,14.0,14.0,39339.0164387,,
Quizhpi Records,3614 W LAWRENCE AVE,TRUE,FALSE,FALSE,3614 W Lawrence Ave,CHICAGO,IL,60625.0,2012-01-31,Pass,"41. PREMISES MAINTAINED FREE OF LITTER, UNNECESSARY ARTICLES, CLEANING  EQUIPMENT PROPERLY STORED - Comments: INSTRUCTED TO REMOVE UNNECESSARY ARTICLES AND UNUSED EQUIPMENT STORED IN REAR STORAGE AREAS. USABLE ITEMS MUST BE STORED 6"" OFF THE FLOOR FOR EASY ACCESS ON CLEANING.",41.9684497776531,-87.7189091296451,QUIZHPI RECORDS,POINT (-87.7189091296451 41.9684497776531),13.0,ALBANY PARK,53542230.8191,14.0,14.0,39339.0164387,,
National Fruit Stop,35213523 W LAWRENCE AVE,TRUE,FALSE,FALSE,3521-3523 W Lawrence Ave,CHICAGO,IL,60625.0,2012-01-19,Pass,,41.9682565938773,-87.7167855719161,NATIONAL FRUIT STOP,POINT (-87.7167855719161 41.9682565938773),13.0,ALBANY PARK,53542230.8191,14.0,14.0,39339.0164387,,
Lareyna Polar,4606 4608 W LAWRENCE AVE,TRUE,FALSE,FALSE,4606 -4608 W Lawrence Ave,CHICAGO,IL,60630.0,2011-11-15,Out Of Business,,41.968189860661100,-87.7431784216586,LAREYNA POLAR,POINT (-87.7431784216586 41.968189860661106),13.0,ALBANY PARK,53542230.8191,14.0,14.0,39339.0164387,,
"La Fe Grocery, Inc.",3003 W LAWRENCE AVE,TRUE,FALSE,FALSE,3003 W Lawrence Ave,CHICAGO,IL,60625.0,2011-07-21,Pass,,41.968383662186,-87.7037413659188,LA FE GROCERY INC,POINT (-87.7037413659188 41.968383662186),13.0,ALBANY PARK,53542230.8191,14.0,14.0,39339.0164387,,
City Mart,3409 W LAWRENCE AVE,TRUE,FALSE,FALSE,3409 W Lawrence Ave,CHICAGO,IL,60625.0,2011-04-21,Pass,,41.9682881181714,-87.7137619757765,CITY MART,POINT (-87.7137619757765 41.9682881181714),13.0,ALBANY PARK,53542230.8191,14.0,14.0,39339.0164387,,